"Salla kirkonkylä","2020","1","1","02:00","-8.4","-21.8"
"Salla kirkonkylä","2020","1","2","02:00","3.1","-8.4"
"Salla kirkonkylä","2020","1","3","02:00","3.9","-0.1"
"Salla kirkonkylä","2020","1","4","02:00","-0.1","-11.9"
"Salla kirkonkylä","2020","1","5","02:00","-5.3","-22.5"
"Salla kirkonkylä","2020","1","6","02:00","-2.8","-16.4"
"Salla kirkonkylä","2020","1","7","02:00","1.2","-3.5"
"Salla kirkonkylä","2020","1","8","02:00","1.6","0.3"
"Salla kirkonkylä","2020","1","9","02:00","1.5","-1.8"
"Salla kirkonkylä","2020","1","10","02:00","-0.7","-13.4"
"Salla kirkonkylä","2020","1","11","02:00","-3.1","-16.3"
"Salla kirkonkylä","2020","1","12","02:00","-0.3","-3.5"
"Salla kirkonkylä","2020","1","13","02:00","-2.7","-16.9"
"Salla kirkonkylä","2020","1","14","02:00","-1.3","-7.8"
"Salla kirkonkylä","2020","1","15","02:00","0.8","-1.8"
"Salla kirkonkylä","2020","1","16","02:00","-1.8","-10.5"
"Salla kirkonkylä","2020","1","17","02:00","-3.2","-21.4"
"Salla kirkonkylä","2020","1","18","02:00","-5.3","-22.9"
"Salla kirkonkylä","2020","1","19","02:00","-5.2","-6.9"
"Salla kirkonkylä","2020","1","20","02:00","0.3","-6.8"
"Salla kirkonkylä","2020","1","21","02:00","1.1","-5.6"
"Salla kirkonkylä","2020","1","22","02:00","-3.6","-10"
"Salla kirkonkylä","2020","1","23","02:00","-9","-21.2"
"Salla kirkonkylä","2020","1","24","02:00","-5","-10.9"
"Salla kirkonkylä","2020","1","25","02:00","-9.2","-28.7"
"Salla kirkonkylä","2020","1","26","02:00","-21.5","-32.1"
"Salla kirkonkylä","2020","1","27","02:00","-29.7","-34.7"
"Salla kirkonkylä","2020","1","28","02:00","-12.9","-34.6"
"Salla kirkonkylä","2020","1","29","02:00","-9.3","-14"
"Salla kirkonkylä","2020","1","30","02:00","-8.4","-9.4"
"Salla kirkonkylä","2020","1","31","02:00","-8.6","-12.7"
"Salla kirkonkylä","2020","2","1","02:00","-12.7","-16.6"
"Salla kirkonkylä","2020","2","2","02:00","-9.9","-13.5"
"Salla kirkonkylä","2020","2","3","02:00","-3.6","-15.1"
"Salla kirkonkylä","2020","2","4","02:00","-8.5","-28.5"
"Salla kirkonkylä","2020","2","5","02:00","-11.9","-29.5"
"Salla kirkonkylä","2020","2","6","02:00","-7.7","-27"
"Salla kirkonkylä","2020","2","7","02:00","-6.2","-23.6"
"Salla kirkonkylä","2020","2","8","02:00","-0.4","-16.8"
"Salla kirkonkylä","2020","2","9","02:00","0.6","-2.6"
"Salla kirkonkylä","2020","2","10","02:00","1.7","-0.7"
"Salla kirkonkylä","2020","2","11","02:00","1.4","0"
"Salla kirkonkylä","2020","2","12","02:00","0.8","-1.4"
"Salla kirkonkylä","2020","2","13","02:00","0.5","-2.8"
"Salla kirkonkylä","2020","2","14","02:00","-0.9","-6.3"
"Salla kirkonkylä","2020","2","15","02:00","-3.9","-12.2"
"Salla kirkonkylä","2020","2","16","02:00","-0.1","-4.2"
"Salla kirkonkylä","2020","2","17","02:00","1.6","-1.6"
"Salla kirkonkylä","2020","2","18","02:00","0.1","-2.5"
"Salla kirkonkylä","2020","2","19","02:00","-2.5","-17.8"
"Salla kirkonkylä","2020","2","20","02:00","-9.5","-28.4"
"Salla kirkonkylä","2020","2","21","02:00","0.4","-12.9"
"Salla kirkonkylä","2020","2","22","02:00","2.2","-0.3"
"Salla kirkonkylä","2020","2","23","02:00","1.2","-3.9"
"Salla kirkonkylä","2020","2","24","02:00","-2.3","-13.1"
"Salla kirkonkylä","2020","2","25","02:00","-3.9","-19.6"
"Salla kirkonkylä","2020","2","26","02:00","-9.4","-29.7"
"Salla kirkonkylä","2020","2","27","02:00","-6.2","-22.3"
"Salla kirkonkylä","2020","2","28","02:00","-5.7","-20.4"
"Salla kirkonkylä","2020","2","29","02:00","-8.4","-28.8"
"Salla kirkonkylä","2020","3","1","02:00","-10.5","-28.4"
"Salla kirkonkylä","2020","3","2","02:00","-8.7","-19.9"
"Salla kirkonkylä","2020","3","3","02:00","-4.7","-22.8"
"Salla kirkonkylä","2020","3","4","02:00","-4.5","-28.9"
"Salla kirkonkylä","2020","3","5","02:00","-4.4","-9.1"
"Salla kirkonkylä","2020","3","6","02:00","-2","-5.2"
"Salla kirkonkylä","2020","3","7","02:00","-0.8","-15.7"
"Salla kirkonkylä","2020","3","8","02:00","0.4","-6.5"
"Salla kirkonkylä","2020","3","9","02:00","3","0"
"Salla kirkonkylä","2020","3","10","02:00","3.6","0.2"
"Salla kirkonkylä","2020","3","11","02:00","0.2","-3.1"
"Salla kirkonkylä","2020","3","12","02:00","1.5","-3.7"
"Salla kirkonkylä","2020","3","13","02:00","-1","-9.9"
"Salla kirkonkylä","2020","3","14","02:00","-7.1","-26.2"
"Salla kirkonkylä","2020","3","15","02:00","-0.7","-24.1"
"Salla kirkonkylä","2020","3","16","02:00","-0.3","-4.3"
"Salla kirkonkylä","2020","3","17","02:00","-1.1","-7.4"
"Salla kirkonkylä","2020","3","18","02:00","3.8","-2.1"
"Salla kirkonkylä","2020","3","19","02:00","0.3","-12.4"
"Salla kirkonkylä","2020","3","20","02:00","-2.8","-25"
"Salla kirkonkylä","2020","3","21","02:00","-1.9","-27.1"
"Salla kirkonkylä","2020","3","22","02:00","0.1","-11.5"
"Salla kirkonkylä","2020","3","23","02:00","3.9","-4.6"
"Salla kirkonkylä","2020","3","24","02:00","4.9","-0.8"
"Salla kirkonkylä","2020","3","25","02:00","5","0.5"
"Salla kirkonkylä","2020","3","26","02:00","5.6","-3"
"Salla kirkonkylä","2020","3","27","02:00","5.5","-0.7"
"Salla kirkonkylä","2020","3","28","02:00","2.6","-3.9"
"Salla kirkonkylä","2020","3","29","02:00","-2","-10.1"
"Salla kirkonkylä","2020","3","30","03:00","-2","-20.8"
"Salla kirkonkylä","2020","3","31","03:00","-4.4","-18.2"
"Salla kirkonkylä","2020","4","1","03:00","-1.5","-7.9"
"Salla kirkonkylä","2020","4","2","03:00","-2.2","-8.7"
"Salla kirkonkylä","2020","4","3","03:00","-1.1","-9.4"
"Salla kirkonkylä","2020","4","4","03:00","-0.2","-24.5"
"Salla kirkonkylä","2020","4","5","03:00","-1","-23.1"
"Salla kirkonkylä","2020","4","6","03:00","1.2","-23.9"
"Salla kirkonkylä","2020","4","7","03:00","3.8","-2.2"
"Salla kirkonkylä","2020","4","8","03:00","8.3","-3"
"Salla kirkonkylä","2020","4","9","03:00","3.4","-4.5"
"Salla kirkonkylä","2020","4","10","03:00","1.3","-15.3"
"Salla kirkonkylä","2020","4","11","03:00","2.2","-17"
"Salla kirkonkylä","2020","4","12","03:00","1.7","-9.2"
"Salla kirkonkylä","2020","4","13","03:00","3.4","-1.5"
"Salla kirkonkylä","2020","4","14","03:00","2.4","-0.8"
"Salla kirkonkylä","2020","4","15","03:00","2.3","-3.8"
"Salla kirkonkylä","2020","4","16","03:00","3.4","-7.1"
"Salla kirkonkylä","2020","4","17","03:00","2.8","-1.4"
"Salla kirkonkylä","2020","4","18","03:00","2.3","-0.2"
"Salla kirkonkylä","2020","4","19","03:00","6","-0.1"
"Salla kirkonkylä","2020","4","20","03:00","7.8","0.5"
"Salla kirkonkylä","2020","4","21","03:00","6.5","-2.7"
"Salla kirkonkylä","2020","4","22","03:00","6","-3.7"
"Salla kirkonkylä","2020","4","23","03:00","2.9","-2.7"
"Salla kirkonkylä","2020","4","24","03:00","0.6","-8.3"
"Salla kirkonkylä","2020","4","25","03:00","1.6","-2.8"
"Salla kirkonkylä","2020","4","26","03:00","2.7","-1.3"
"Salla kirkonkylä","2020","4","27","03:00","2.6","-3.3"
"Salla kirkonkylä","2020","4","28","03:00","2.7","-7"
"Salla kirkonkylä","2020","4","29","03:00","2.5","-8.8"
"Salla kirkonkylä","2020","4","30","03:00","2.7","-10.4"
"Salla kirkonkylä","2020","5","1","03:00","5.1","-10.8"
"Salla kirkonkylä","2020","5","2","03:00","6.8","-3.9"
"Salla kirkonkylä","2020","5","3","03:00","6.5","0.8"
"Salla kirkonkylä","2020","5","4","03:00","5.1","1.2"
"Salla kirkonkylä","2020","5","5","03:00","9","-0.8"
"Salla kirkonkylä","2020","5","6","03:00","7","1.4"
"Salla kirkonkylä","2020","5","7","03:00","8.1","-3.6"
"Salla kirkonkylä","2020","5","8","03:00","6.3","-0.8"
"Salla kirkonkylä","2020","5","9","03:00","5.5","-5.4"
"Salla kirkonkylä","2020","5","10","03:00","5.7","-7.1"
"Salla kirkonkylä","2020","5","11","03:00","3.9","0.1"
"Salla kirkonkylä","2020","5","12","03:00","5.8","-4.1"
"Salla kirkonkylä","2020","5","13","03:00","8","-5.9"
"Salla kirkonkylä","2020","5","14","03:00","5.9","-5.7"
"Salla kirkonkylä","2020","5","15","03:00","6.1","-1.6"
"Salla kirkonkylä","2020","5","16","03:00","7.4","-3.9"
"Salla kirkonkylä","2020","5","17","03:00","7.6","-4.1"
"Salla kirkonkylä","2020","5","18","03:00","8","-4.1"
"Salla kirkonkylä","2020","5","19","03:00","6.1","-2.6"
"Salla kirkonkylä","2020","5","20","03:00","8.7","0.5"
"Salla kirkonkylä","2020","5","21","03:00","9","-3.9"
"Salla kirkonkylä","2020","5","22","03:00","12.1","-3.8"
"Salla kirkonkylä","2020","5","23","03:00","15.7","-1.4"
"Salla kirkonkylä","2020","5","24","03:00","16.4","-0.5"
"Salla kirkonkylä","2020","5","25","03:00","17.1","1.1"
"Salla kirkonkylä","2020","5","26","03:00","19.3","-1.2"
"Salla kirkonkylä","2020","5","27","03:00","15.9","4.5"
"Salla kirkonkylä","2020","5","28","03:00","13.9","5.8"
"Salla kirkonkylä","2020","5","29","03:00","12.5","3.6"
"Salla kirkonkylä","2020","5","30","03:00","12.4","0.6"
"Salla kirkonkylä","2020","5","31","03:00","10","2.4"
"Salla kirkonkylä","2020","6","1","03:00","19.8","5.7"
"Salla kirkonkylä","2020","6","2","03:00","23.3","8.1"
"Salla kirkonkylä","2020","6","3","03:00","21.9","9.4"
"Salla kirkonkylä","2020","6","4","03:00","20","10.1"
"Salla kirkonkylä","2020","6","5","03:00","17.2","9.6"
"Salla kirkonkylä","2020","6","6","03:00","18.2","11.5"
"Salla kirkonkylä","2020","6","7","03:00","17.5","10.3"
"Salla kirkonkylä","2020","6","8","03:00","18.1","11.4"
"Salla kirkonkylä","2020","6","9","03:00","18.6","9.9"
"Salla kirkonkylä","2020","6","10","03:00","18.5","6.2"
"Salla kirkonkylä","2020","6","11","03:00","17.8","2.8"
"Salla kirkonkylä","2020","6","12","03:00","19.1","4.8"
"Salla kirkonkylä","2020","6","13","03:00","25.3","4.2"
"Salla kirkonkylä","2020","6","14","03:00","27","8.3"
"Salla kirkonkylä","2020","6","15","03:00","23.2","12.6"
"Salla kirkonkylä","2020","6","16","03:00","16.8","7.8"
"Salla kirkonkylä","2020","6","17","03:00","23.2","3.2"
"Salla kirkonkylä","2020","6","18","03:00","24.4","9.2"
"Salla kirkonkylä","2020","6","19","03:00","15.9","10.7"
"Salla kirkonkylä","2020","6","20","03:00","18.4","0.4"
"Salla kirkonkylä","2020","6","21","03:00","23.6","3.4"
"Salla kirkonkylä","2020","6","22","03:00","25.8","12.7"
"Salla kirkonkylä","2020","6","23","03:00","21.9","10.3"
"Salla kirkonkylä","2020","6","24","03:00","25.3","10.1"
"Salla kirkonkylä","2020","6","25","03:00","25.3","9.2"
"Salla kirkonkylä","2020","6","26","03:00","22.5","15.9"
"Salla kirkonkylä","2020","6","27","03:00","17.4","8.9"
"Salla kirkonkylä","2020","6","28","03:00","18.4","4.4"
"Salla kirkonkylä","2020","6","29","03:00","22.1","6.8"
"Salla kirkonkylä","2020","6","30","03:00","17.8","12.1"
"Salla kirkonkylä","2020","7","1","03:00","12.8","9.6"
"Salla kirkonkylä","2020","7","2","03:00","15.7","6.9"
"Salla kirkonkylä","2020","7","3","03:00","14.8","3"
"Salla kirkonkylä","2020","7","4","03:00","18.7","6.4"
"Salla kirkonkylä","2020","7","5","03:00","14.6","9.3"
"Salla kirkonkylä","2020","7","6","03:00","13.6","8.3"
"Salla kirkonkylä","2020","7","7","03:00","17.2","9.5"
"Salla kirkonkylä","2020","7","8","03:00","16.4","9.2"
"Salla kirkonkylä","2020","7","9","03:00","18.5","7.1"
"Salla kirkonkylä","2020","7","10","03:00","15.7","10.1"
"Salla kirkonkylä","2020","7","11","03:00","15.4","8.6"
"Salla kirkonkylä","2020","7","12","03:00","17","7.5"
"Salla kirkonkylä","2020","7","13","03:00","17.9","5.5"
"Salla kirkonkylä","2020","7","14","03:00","14.4","10"
"Salla kirkonkylä","2020","7","15","03:00","17.9","5.5"
"Salla kirkonkylä","2020","7","16","03:00","20.6","9.8"
"Salla kirkonkylä","2020","7","17","03:00","23.3","10.5"
"Salla kirkonkylä","2020","7","18","03:00","24","10.5"
"Salla kirkonkylä","2020","7","19","03:00","22.4","15.1"
"Salla kirkonkylä","2020","7","20","03:00","24.4","11.1"
"Salla kirkonkylä","2020","7","21","03:00","25.3","15.3"
"Salla kirkonkylä","2020","7","22","03:00","23.8","14.8"
"Salla kirkonkylä","2020","7","23","03:00","19.7","15"
"Salla kirkonkylä","2020","7","24","03:00","17.5","10.8"
"Salla kirkonkylä","2020","7","25","03:00","20","10.4"
"Salla kirkonkylä","2020","7","26","03:00","19.1","13.8"
"Salla kirkonkylä","2020","7","27","03:00","22.7","10.1"
"Salla kirkonkylä","2020","7","28","03:00","23.3","12.3"
"Salla kirkonkylä","2020","7","29","03:00","22.1","9.2"
"Salla kirkonkylä","2020","7","30","03:00","20.7","12.7"
"Salla kirkonkylä","2020","7","31","03:00","16.5","3.8"
"Salla kirkonkylä","2020","8","1","03:00","18.6","8.1"
"Salla kirkonkylä","2020","8","2","03:00","15.4","6.6"
"Salla kirkonkylä","2020","8","3","03:00","19.1","8"
"Salla kirkonkylä","2020","8","4","03:00","21.3","3.4"
"Salla kirkonkylä","2020","8","5","03:00","19.2","10"
"Salla kirkonkylä","2020","8","6","03:00","21.6","8.9"
"Salla kirkonkylä","2020","8","7","03:00","21.4","7.8"
"Salla kirkonkylä","2020","8","8","03:00","23.3","5.2"
"Salla kirkonkylä","2020","8","9","03:00","21.7","12"
"Salla kirkonkylä","2020","8","10","03:00","14.4","9.5"
"Salla kirkonkylä","2020","8","11","03:00","13.1","8.1"
"Salla kirkonkylä","2020","8","12","03:00","15","3"
"Salla kirkonkylä","2020","8","13","03:00","15.6","9"
"Salla kirkonkylä","2020","8","14","03:00","17.7","10.9"
"Salla kirkonkylä","2020","8","15","03:00","18.6","6.1"
"Salla kirkonkylä","2020","8","16","03:00","16.2","9.3"
"Salla kirkonkylä","2020","8","17","03:00","13.7","4.5"
"Salla kirkonkylä","2020","8","18","03:00","14.5","3.4"
"Salla kirkonkylä","2020","8","19","03:00","21.5","3.7"
"Salla kirkonkylä","2020","8","20","03:00","22.5","10.8"
"Salla kirkonkylä","2020","8","21","03:00","23.2","11.2"
"Salla kirkonkylä","2020","8","22","03:00","22.4","10.4"
"Salla kirkonkylä","2020","8","23","03:00","19","14"
"Salla kirkonkylä","2020","8","24","03:00","18.5","11.9"
"Salla kirkonkylä","2020","8","25","03:00","15.6","8.5"
"Salla kirkonkylä","2020","8","26","03:00","15.5","2.9"
"Salla kirkonkylä","2020","8","27","03:00","11","3.4"
"Salla kirkonkylä","2020","8","28","03:00","13.7","-2.3"
"Salla kirkonkylä","2020","8","29","03:00","14.3","5.9"
"Salla kirkonkylä","2020","8","30","03:00","15.6","4.8"
"Salla kirkonkylä","2020","8","31","03:00","15.6","2.2"
"Salla kirkonkylä","2020","9","1","03:00","15.9","-0.8"
"Salla kirkonkylä","2020","9","2","03:00","17.5","0.3"
"Salla kirkonkylä","2020","9","3","03:00","17.4","4.1"
"Salla kirkonkylä","2020","9","4","03:00","15.3","9"
"Salla kirkonkylä","2020","9","5","03:00","16.6","10.7"
"Salla kirkonkylä","2020","9","6","03:00","15.2","6.4"
"Salla kirkonkylä","2020","9","7","03:00","14.3","7"
"Salla kirkonkylä","2020","9","8","03:00","14.3","4.8"
"Salla kirkonkylä","2020","9","9","03:00","14.5","5.3"
"Salla kirkonkylä","2020","9","10","03:00","14.5","0.1"
"Salla kirkonkylä","2020","9","11","03:00","12.9","-2.5"
"Salla kirkonkylä","2020","9","12","03:00","10.2","-0.1"
"Salla kirkonkylä","2020","9","13","03:00","9.9","6.8"
"Salla kirkonkylä","2020","9","14","03:00","10.2","1.5"
"Salla kirkonkylä","2020","9","15","03:00","11","1.7"
"Salla kirkonkylä","2020","9","16","03:00","8.5","4"
"Salla kirkonkylä","2020","9","17","03:00","10.9","0.6"
"Salla kirkonkylä","2020","9","18","03:00","9.2","-1.7"
"Salla kirkonkylä","2020","9","19","03:00","9.9","4.5"
"Salla kirkonkylä","2020","9","20","03:00","6.1","-3.5"
"Salla kirkonkylä","2020","9","21","03:00","10.4","-0.9"
"Salla kirkonkylä","2020","9","22","03:00","10.5","4.7"
"Salla kirkonkylä","2020","9","23","03:00","8.6","-1.6"
"Salla kirkonkylä","2020","9","24","03:00","10.6","8.1"
"Salla kirkonkylä","2020","9","25","03:00","15.4","9.1"
"Salla kirkonkylä","2020","9","26","03:00","9.8","-0.1"
"Salla kirkonkylä","2020","9","27","03:00","6.8","2.9"
"Salla kirkonkylä","2020","9","28","03:00","10.9","5.8"
"Salla kirkonkylä","2020","9","29","03:00","13.2","6.6"
"Salla kirkonkylä","2020","9","30","03:00","11.7","1.3"
"Salla kirkonkylä","2020","10","1","03:00","11.3","7.4"
"Salla kirkonkylä","2020","10","2","03:00","11.1","8.8"
"Salla kirkonkylä","2020","10","3","03:00","9.4","6.9"
"Salla kirkonkylä","2020","10","4","03:00","8.3","5.5"
"Salla kirkonkylä","2020","10","5","03:00","10.7","5.2"
"Salla kirkonkylä","2020","10","6","03:00","7.6","6"
"Salla kirkonkylä","2020","10","7","03:00","9.8","6.3"
"Salla kirkonkylä","2020","10","8","03:00","10.4","8.4"
"Salla kirkonkylä","2020","10","9","03:00","10.9","6.9"
"Salla kirkonkylä","2020","10","10","03:00","9","7.2"
"Salla kirkonkylä","2020","10","11","03:00","9.2","6.4"
"Salla kirkonkylä","2020","10","12","03:00","7.1","4.1"
"Salla kirkonkylä","2020","10","13","03:00","5.4","-1.8"
"Salla kirkonkylä","2020","10","14","03:00","1.5","-5.1"
"Salla kirkonkylä","2020","10","15","03:00","1.7","-0.5"
"Salla kirkonkylä","2020","10","16","03:00","1.8","-0.9"
"Salla kirkonkylä","2020","10","17","03:00","0.9","-0.5"
"Salla kirkonkylä","2020","10","18","03:00","-0.5","-2.9"
"Salla kirkonkylä","2020","10","19","03:00","-0.4","-2.4"
"Salla kirkonkylä","2020","10","20","03:00","-0.9","-3.4"
"Salla kirkonkylä","2020","10","21","03:00","-1.6","-5.1"
"Salla kirkonkylä","2020","10","22","03:00","-0.9","-5"
"Salla kirkonkylä","2020","10","23","03:00","-0.3","-3.4"
"Salla kirkonkylä","2020","10","24","03:00","-2.8","-4.7"
"Salla kirkonkylä","2020","10","25","03:00","-1.2","-4"
"Salla kirkonkylä","2020","10","26","02:00","1.7","-4.3"
"Salla kirkonkylä","2020","10","27","02:00","6.1","1.3"
"Salla kirkonkylä","2020","10","28","02:00","6.9","2.6"
"Salla kirkonkylä","2020","10","29","02:00","6.4","3.7"
"Salla kirkonkylä","2020","10","30","02:00","4","-7.5"
"Salla kirkonkylä","2020","10","31","02:00","-2.7","-12"
"Salla kirkonkylä","2020","11","1","02:00","4.3","-2.9"
"Salla kirkonkylä","2020","11","2","02:00","4.5","0.8"
"Salla kirkonkylä","2020","11","3","02:00","7.2","1.3"
"Salla kirkonkylä","2020","11","4","02:00","4.4","0.4"
"Salla kirkonkylä","2020","11","5","02:00","4.3","0.9"
"Salla kirkonkylä","2020","11","6","02:00","2.8","0.3"
"Salla kirkonkylä","2020","11","7","02:00","6.1","0.9"
"Salla kirkonkylä","2020","11","8","02:00","2.1","-2.9"
"Salla kirkonkylä","2020","11","9","02:00","1.1","-4.2"
"Salla kirkonkylä","2020","11","10","02:00","-0.7","-11.8"
"Salla kirkonkylä","2020","11","11","02:00","-1","-13.1"
"Salla kirkonkylä","2020","11","12","02:00","1","-1.3"
"Salla kirkonkylä","2020","11","13","02:00","4","0.3"
"Salla kirkonkylä","2020","11","14","02:00","2.7","0.9"
"Salla kirkonkylä","2020","11","15","02:00","1.8","0.5"
"Salla kirkonkylä","2020","11","16","02:00","2","0.6"
"Salla kirkonkylä","2020","11","17","02:00","3","0.6"
"Salla kirkonkylä","2020","11","18","02:00","3.1","0.6"
"Salla kirkonkylä","2020","11","19","02:00","2.7","-2.2"
"Salla kirkonkylä","2020","11","20","02:00","-0.8","-4.9"
"Salla kirkonkylä","2020","11","21","02:00","-3.4","-17"
"Salla kirkonkylä","2020","11","22","02:00","1","-3.6"
"Salla kirkonkylä","2020","11","23","02:00","0.5","-0.8"
"Salla kirkonkylä","2020","11","24","02:00","-0.5","-5.4"
"Salla kirkonkylä","2020","11","25","02:00","-5.3","-15.2"
"Salla kirkonkylä","2020","11","26","02:00","-2.1","-9.8"
"Salla kirkonkylä","2020","11","27","02:00","-2","-5"
"Salla kirkonkylä","2020","11","28","02:00","-2.8","-10.8"
"Salla kirkonkylä","2020","11","29","02:00","-2.7","-8.1"
"Salla kirkonkylä","2020","11","30","02:00","-1.8","-3.6"
"Salla kirkonkylä","2020","12","1","02:00","-0.9","-3.5"
"Salla kirkonkylä","2020","12","2","02:00","-1.1","-6.3"
"Salla kirkonkylä","2020","12","3","02:00","1.1","-3.2"
"Salla kirkonkylä","2020","12","4","02:00","-2.1","-4.3"
"Salla kirkonkylä","2020","12","5","02:00","-0.4","-3"
"Salla kirkonkylä","2020","12","6","02:00","1","-0.5"
"Salla kirkonkylä","2020","12","7","02:00","1.6","0.1"
"Salla kirkonkylä","2020","12","8","02:00","0.9","-3.9"
"Salla kirkonkylä","2020","12","9","02:00","-3.4","-7.1"
"Salla kirkonkylä","2020","12","10","02:00","-0.8","-6.3"
"Salla kirkonkylä","2020","12","11","02:00","-1.5","-4.9"
"Salla kirkonkylä","2020","12","12","02:00","-4.6","-11.6"
"Salla kirkonkylä","2020","12","13","02:00","-2.9","-8.3"
"Salla kirkonkylä","2020","12","14","02:00","-4.1","-6.3"
"Salla kirkonkylä","2020","12","15","02:00","-3.9","-7.1"
"Salla kirkonkylä","2020","12","16","02:00","-4.9","-6.3"
"Salla kirkonkylä","2020","12","17","02:00","-5.1","-25.9"
"Salla kirkonkylä","2020","12","18","02:00","-9.4","-25.8"
"Salla kirkonkylä","2020","12","19","02:00","-5.6","-9.5"
"Salla kirkonkylä","2020","12","20","02:00","2.2","-5.9"
"Salla kirkonkylä","2020","12","21","02:00","2.9","1.8"
"Salla kirkonkylä","2020","12","22","02:00","2.6","0"
"Salla kirkonkylä","2020","12","23","02:00","0.6","-0.6"
"Salla kirkonkylä","2020","12","24","02:00","-0.2","-6.8"
"Salla kirkonkylä","2020","12","25","02:00","-6.9","-16.5"
"Salla kirkonkylä","2020","12","26","02:00","-16.5","-29.3"
"Salla kirkonkylä","2020","12","27","02:00","-11.5","-26.6"
"Salla kirkonkylä","2020","12","28","02:00","-4","-11.5"
"Salla kirkonkylä","2020","12","29","02:00","-3.4","-5.9"
"Salla kirkonkylä","2020","12","30","02:00","-3.7","-7.4"
"Salla kirkonkylä","2020","12","31","02:00","-2.8","-7.2"
"Salla kirkonkylä","2021","1","1","02:00","-2.6","-5.9"
"Salla kirkonkylä","2021","1","2","02:00","-4.4","-6.5"
"Salla kirkonkylä","2021","1","3","02:00","-5.7","-18.6"
"Salla kirkonkylä","2021","1","4","02:00","-15","-23.5"
"Salla kirkonkylä","2021","1","5","02:00","-11.8","-23"
"Salla kirkonkylä","2021","1","6","02:00","-7.2","-13.3"
"Salla kirkonkylä","2021","1","7","02:00","-10","-22.5"
"Salla kirkonkylä","2021","1","8","02:00","-9.3","-12.2"
"Salla kirkonkylä","2021","1","9","02:00","-11.1","-13.6"
"Salla kirkonkylä","2021","1","10","02:00","-11.8","-19"
"Salla kirkonkylä","2021","1","11","02:00","-13.4","-17.8"
"Salla kirkonkylä","2021","1","12","02:00","-13.8","-21.2"
"Salla kirkonkylä","2021","1","13","02:00","-20.5","-32"
"Salla kirkonkylä","2021","1","14","02:00","-25.5","-34"
"Salla kirkonkylä","2021","1","15","02:00","-13.6","-29.2"
"Salla kirkonkylä","2021","1","16","02:00","-7.6","-13.5"
"Salla kirkonkylä","2021","1","17","02:00","-5.5","-11.4"
"Salla kirkonkylä","2021","1","18","02:00","-5.9","-8.7"
"Salla kirkonkylä","2021","1","19","02:00","-6.3","-10.4"
"Salla kirkonkylä","2021","1","20","02:00","-10.1","-28.8"
"Salla kirkonkylä","2021","1","21","02:00","-22.1","-31"
"Salla kirkonkylä","2021","1","22","02:00","-13","-28"
"Salla kirkonkylä","2021","1","23","02:00","-13.6","-15.3"
"Salla kirkonkylä","2021","1","24","02:00","-8.1","-14.8"
"Salla kirkonkylä","2021","1","25","02:00","-6.3","-8.1"
"Salla kirkonkylä","2021","1","26","02:00","-4.1","-6.3"
"Salla kirkonkylä","2021","1","27","02:00","-5.7","-9.7"
"Salla kirkonkylä","2021","1","28","02:00","-8.8","-11.3"
"Salla kirkonkylä","2021","1","29","02:00","-10.2","-13"
"Salla kirkonkylä","2021","1","30","02:00","-9.8","-13.1"
"Salla kirkonkylä","2021","1","31","02:00","-11.3","-13"
"Salla kirkonkylä","2021","2","1","02:00","-12.1","-26.1"
"Salla kirkonkylä","2021","2","2","02:00","-19.3","-28.8"
"Salla kirkonkylä","2021","2","3","02:00","-9.6","-21.2"
"Salla kirkonkylä","2021","2","4","02:00","-9.6","-23.2"
"Salla kirkonkylä","2021","2","5","02:00","-9.8","-27.1"
"Salla kirkonkylä","2021","2","6","02:00","-7.6","-17.2"
"Salla kirkonkylä","2021","2","7","02:00","-7","-8.8"
"Salla kirkonkylä","2021","2","8","02:00","-8.7","-26.2"
"Salla kirkonkylä","2021","2","9","02:00","-17.2","-32.2"
"Salla kirkonkylä","2021","2","10","02:00","-16.3","-25.8"
"Salla kirkonkylä","2021","2","11","02:00","-14.1","-26.9"
"Salla kirkonkylä","2021","2","12","02:00","-10.2","-29.5"
"Salla kirkonkylä","2021","2","13","02:00","-6.2","-11.6"
"Salla kirkonkylä","2021","2","14","02:00","-10","-17"
"Salla kirkonkylä","2021","2","15","02:00","-6.3","-28"
"Salla kirkonkylä","2021","2","16","02:00","-12.2","-28.7"
"Salla kirkonkylä","2021","2","17","02:00","-15.4","-32.5"
"Salla kirkonkylä","2021","2","18","02:00","-13.6","-25.7"
"Salla kirkonkylä","2021","2","19","02:00","-13.1","-33.9"
"Salla kirkonkylä","2021","2","20","02:00","-16.4","-22.1"
"Salla kirkonkylä","2021","2","21","02:00","-17","-21.3"
"Salla kirkonkylä","2021","2","22","02:00","-18.5","-22.3"
"Salla kirkonkylä","2021","2","23","02:00","-13.3","-21.4"
"Salla kirkonkylä","2021","2","24","02:00","-9.9","-14.7"
"Salla kirkonkylä","2021","2","25","02:00","0.3","-11.3"
"Salla kirkonkylä","2021","2","26","02:00","0.6","-0.9"
"Salla kirkonkylä","2021","2","27","02:00","0.1","-3.9"
"Salla kirkonkylä","2021","2","28","02:00","2.1","-4.4"
"Salla kirkonkylä","2021","3","1","02:00","3.7","0.9"
"Salla kirkonkylä","2021","3","2","02:00","1.4","-5.6"
"Salla kirkonkylä","2021","3","3","02:00","-2.7","-12.5"
"Salla kirkonkylä","2021","3","4","02:00","-4.4","-12.7"
"Salla kirkonkylä","2021","3","5","02:00","-5.5","-24"
"Salla kirkonkylä","2021","3","6","02:00","-5.1","-21.6"
"Salla kirkonkylä","2021","3","7","02:00","-5.2","-16.1"
"Salla kirkonkylä","2021","3","8","02:00","-9.5","-28.6"
"Salla kirkonkylä","2021","3","9","02:00","-10.3","-33.2"
"Salla kirkonkylä","2021","3","10","02:00","-9.5","-30.9"
"Salla kirkonkylä","2021","3","11","02:00","-7.4","-22.3"
"Salla kirkonkylä","2021","3","12","02:00","-4.5","-11.9"
"Salla kirkonkylä","2021","3","13","02:00","-3.6","-8.9"
"Salla kirkonkylä","2021","3","14","02:00","-1.2","-6.2"
"Salla kirkonkylä","2021","3","15","02:00","2.7","-4"
"Salla kirkonkylä","2021","3","16","02:00","-0.7","-4.6"
"Salla kirkonkylä","2021","3","17","02:00","-3.6","-20.8"
"Salla kirkonkylä","2021","3","18","02:00","-3.7","-24"
"Salla kirkonkylä","2021","3","19","02:00","-5.4","-26.9"
"Salla kirkonkylä","2021","3","20","02:00","2.1","-7.7"
"Salla kirkonkylä","2021","3","21","02:00","-1","-4.9"
"Salla kirkonkylä","2021","3","22","02:00","-1.1","-23.8"
"Salla kirkonkylä","2021","3","23","02:00","6.5","-14.3"
"Salla kirkonkylä","2021","3","24","02:00","8.1","-2"
"Salla kirkonkylä","2021","3","25","02:00","6","-1.6"
"Salla kirkonkylä","2021","3","26","02:00","5.9","-12"
"Salla kirkonkylä","2021","3","27","02:00","5.9","-4.5"
"Salla kirkonkylä","2021","3","28","02:00","3.9","1.8"
"Salla kirkonkylä","2021","3","29","03:00","3","0.7"
"Salla kirkonkylä","2021","3","30","03:00","2.7","0"
"Salla kirkonkylä","2021","3","31","03:00","3.9","-2.4"
"Salla kirkonkylä","2021","4","1","03:00","2.8","-0.2"
"Salla kirkonkylä","2021","4","2","03:00","4.1","-7.5"
"Salla kirkonkylä","2021","4","3","03:00","5","-6.9"
"Salla kirkonkylä","2021","4","4","03:00","4.4","-2.3"
"Salla kirkonkylä","2021","4","5","03:00","2.7","0"
"Salla kirkonkylä","2021","4","6","03:00","1.9","-1.5"
"Salla kirkonkylä","2021","4","7","03:00","2.8","-1.6"
"Salla kirkonkylä","2021","4","8","03:00","4.1","-3.4"
"Salla kirkonkylä","2021","4","9","03:00","3.2","-12.8"
"Salla kirkonkylä","2021","4","10","03:00","0.3","-1.1"
"Salla kirkonkylä","2021","4","11","03:00","3.1","-3.2"
"Salla kirkonkylä","2021","4","12","03:00","4.8","-3.9"
"Salla kirkonkylä","2021","4","13","03:00","2.2","-0.7"
"Salla kirkonkylä","2021","4","14","03:00","4","-1.5"
"Salla kirkonkylä","2021","4","15","03:00","8.1","-4.7"
"Salla kirkonkylä","2021","4","16","03:00","9.9","-3.8"
"Salla kirkonkylä","2021","4","17","03:00","11.2","-4.8"
"Salla kirkonkylä","2021","4","18","03:00","11.7","-5.9"
"Salla kirkonkylä","2021","4","19","03:00","13.1","-3"
"Salla kirkonkylä","2021","4","20","03:00","12.2","-0.3"
"Salla kirkonkylä","2021","4","21","03:00","10.2","-2.2"
"Salla kirkonkylä","2021","4","22","03:00","6.9","-0.4"
"Salla kirkonkylä","2021","4","23","03:00","4","-0.3"
"Salla kirkonkylä","2021","4","24","03:00","3","-2.2"
"Salla kirkonkylä","2021","4","25","03:00","2.6","-0.6"
"Salla kirkonkylä","2021","4","26","03:00","3.2","-1.5"
"Salla kirkonkylä","2021","4","27","03:00","2.8","-2.4"
"Salla kirkonkylä","2021","4","28","03:00","1.8","-5.3"
"Salla kirkonkylä","2021","4","29","03:00","2.4","-5.6"
"Salla kirkonkylä","2021","4","30","03:00","1.5","-4.2"
"Salla kirkonkylä","2021","5","1","03:00","0.7","-7.4"
"Salla kirkonkylä","2021","5","2","03:00","4.4","-11.1"
"Salla kirkonkylä","2021","5","3","03:00","6.7","-7.5"
"Salla kirkonkylä","2021","5","4","03:00","6","-5.6"
"Salla kirkonkylä","2021","5","5","03:00","3.5","-4.9"
"Salla kirkonkylä","2021","5","6","03:00","3.7","-5.8"
"Salla kirkonkylä","2021","5","7","03:00","0.7","-3.6"
"Salla kirkonkylä","2021","5","8","03:00","4.1","-2.6"
"Salla kirkonkylä","2021","5","9","03:00","8.4","-8.9"
"Salla kirkonkylä","2021","5","10","03:00","8","-1.9"
"Salla kirkonkylä","2021","5","11","03:00","10.2","2.5"
"Salla kirkonkylä","2021","5","12","03:00","15.8","2.8"
"Salla kirkonkylä","2021","5","13","03:00","22.1","6.1"
"Salla kirkonkylä","2021","5","14","03:00","15.7","3.3"
"Salla kirkonkylä","2021","5","15","03:00","6.2","2.2"
"Salla kirkonkylä","2021","5","16","03:00","11.1","2.7"
"Salla kirkonkylä","2021","5","17","03:00","17.6","2.7"
"Salla kirkonkylä","2021","5","18","03:00","14.5","9.4"
"Salla kirkonkylä","2021","5","19","03:00","13.9","0.9"
"Salla kirkonkylä","2021","5","20","03:00","12.2","4.6"
"Salla kirkonkylä","2021","5","21","03:00","4.7","2.2"
"Salla kirkonkylä","2021","5","22","03:00","3.6","1.3"
"Salla kirkonkylä","2021","5","23","03:00","5","-0.5"
"Salla kirkonkylä","2021","5","24","03:00","6","1.4"
"Salla kirkonkylä","2021","5","25","03:00","9.1","0.6"
"Salla kirkonkylä","2021","5","26","03:00","10.8","2.9"
"Salla kirkonkylä","2021","5","27","03:00","11.4","-2.3"
"Salla kirkonkylä","2021","5","28","03:00","10.6","3.7"
"Salla kirkonkylä","2021","5","29","03:00","7.2","-0.4"
"Salla kirkonkylä","2021","5","30","03:00","16.9","-2.3"
"Salla kirkonkylä","2021","5","31","03:00","17.4","4"
"Salla kirkonkylä","2021","6","1","03:00","18.4","2.3"
"Salla kirkonkylä","2021","6","2","03:00","23.5","4.6"
"Salla kirkonkylä","2021","6","3","03:00","25.2","6.4"
"Salla kirkonkylä","2021","6","4","03:00","26.2","8.4"
"Salla kirkonkylä","2021","6","5","03:00","24.6","8.9"
"Salla kirkonkylä","2021","6","6","03:00","20.5","10"
"Salla kirkonkylä","2021","6","7","03:00","21.3","3.6"
"Salla kirkonkylä","2021","6","8","03:00","23.1","6.1"
"Salla kirkonkylä","2021","6","9","03:00","23.7","4.9"
"Salla kirkonkylä","2021","6","10","03:00","25.4","8"
"Salla kirkonkylä","2021","6","11","03:00","25.7","11.2"
"Salla kirkonkylä","2021","6","12","03:00","24.6","15"
"Salla kirkonkylä","2021","6","13","03:00","20.5","11.3"
"Salla kirkonkylä","2021","6","14","03:00","15.4","3"
"Salla kirkonkylä","2021","6","15","03:00","14.9","7.4"
"Salla kirkonkylä","2021","6","16","03:00","12","6.5"
"Salla kirkonkylä","2021","6","17","03:00","17.3","1.1"
"Salla kirkonkylä","2021","6","18","03:00","14.5","9.9"
"Salla kirkonkylä","2021","6","19","03:00","18.9","10.8"
"Salla kirkonkylä","2021","6","20","03:00","16","9.9"
"Salla kirkonkylä","2021","6","21","03:00","17.2","10.9"
"Salla kirkonkylä","2021","6","22","03:00","22.7","12.6"
"Salla kirkonkylä","2021","6","23","03:00","15.3","10.9"
"Salla kirkonkylä","2021","6","24","03:00","15.5","10.5"
"Salla kirkonkylä","2021","6","25","03:00","24.3","7.6"
"Salla kirkonkylä","2021","6","26","03:00","18.2","9.4"
"Salla kirkonkylä","2021","6","27","03:00","17.8","9.2"
"Salla kirkonkylä","2021","6","28","03:00","21.7","7.6"
"Salla kirkonkylä","2021","6","29","03:00","23.2","5.4"
"Salla kirkonkylä","2021","6","30","03:00","17.8","9.7"
"Salla kirkonkylä","2021","7","1","03:00","22.3","3.7"
"Salla kirkonkylä","2021","7","2","03:00","25.6","10.1"
"Salla kirkonkylä","2021","7","3","03:00","26.4","7.6"
"Salla kirkonkylä","2021","7","4","03:00","30.5","14.4"
"Salla kirkonkylä","2021","7","5","03:00","30.1","12.7"
"Salla kirkonkylä","2021","7","6","03:00","29.7","15.1"
"Salla kirkonkylä","2021","7","7","03:00","26.6","15"
"Salla kirkonkylä","2021","7","8","03:00","23.6","16.5"
"Salla kirkonkylä","2021","7","9","03:00","22.4","13.8"
"Salla kirkonkylä","2021","7","10","03:00","26.7","9.7"
"Salla kirkonkylä","2021","7","11","03:00","27.3","10.8"
"Salla kirkonkylä","2021","7","12","03:00","23.9","16.4"
"Salla kirkonkylä","2021","7","13","03:00","25.1","14.4"
"Salla kirkonkylä","2021","7","14","03:00","22.8","13.3"
"Salla kirkonkylä","2021","7","15","03:00","24","6.6"
"Salla kirkonkylä","2021","7","16","03:00","21.9","14.3"
"Salla kirkonkylä","2021","7","17","03:00","21.3","8"
"Salla kirkonkylä","2021","7","18","03:00","18.8","9.9"
"Salla kirkonkylä","2021","7","19","03:00","16","8.9"
"Salla kirkonkylä","2021","7","20","03:00","13.8","7"
"Salla kirkonkylä","2021","7","21","03:00","12.9","0.6"
"Salla kirkonkylä","2021","7","22","03:00","14.5","7.5"
"Salla kirkonkylä","2021","7","23","03:00","13.6","5.6"
"Salla kirkonkylä","2021","7","24","03:00","17.5","7.4"
"Salla kirkonkylä","2021","7","25","03:00","18.9","9.4"
"Salla kirkonkylä","2021","7","26","03:00","19.4","12.2"
"Salla kirkonkylä","2021","7","27","03:00","23.9","3.6"
"Salla kirkonkylä","2021","7","28","03:00","24.1","12.5"
"Salla kirkonkylä","2021","7","29","03:00","18.3","6.9"
"Salla kirkonkylä","2021","7","30","03:00","13.2","9.2"
"Salla kirkonkylä","2021","7","31","03:00","15.3","8.5"
"Salla kirkonkylä","2021","8","1","03:00","20.9","3.9"
"Salla kirkonkylä","2021","8","2","03:00","16.7","11"
"Salla kirkonkylä","2021","8","3","03:00","12.1","1.6"
"Salla kirkonkylä","2021","8","4","03:00","12.3","6"
"Salla kirkonkylä","2021","8","5","03:00","19.5","0.1"
"Salla kirkonkylä","2021","8","6","03:00","21.6","9"
"Salla kirkonkylä","2021","8","7","03:00","22.9","5"
"Salla kirkonkylä","2021","8","8","03:00","21","3.6"
"Salla kirkonkylä","2021","8","9","03:00","16","12.6"
"Salla kirkonkylä","2021","8","10","03:00","18.2","12.8"
"Salla kirkonkylä","2021","8","11","03:00","21.3","12.7"
"Salla kirkonkylä","2021","8","12","03:00","21.4","9.1"
"Salla kirkonkylä","2021","8","13","03:00","20.7","4.3"
"Salla kirkonkylä","2021","8","14","03:00","19.8","5.2"
"Salla kirkonkylä","2021","8","15","03:00","19.7","12.5"
"Salla kirkonkylä","2021","8","16","03:00","13.5","7"
"Salla kirkonkylä","2021","8","17","03:00","19","8.3"
"Salla kirkonkylä","2021","8","18","03:00","16.5","12.9"
"Salla kirkonkylä","2021","8","19","03:00","17.8","12.4"
"Salla kirkonkylä","2021","8","20","03:00","16.4","10.4"
"Salla kirkonkylä","2021","8","21","03:00","13.1","9.4"
"Salla kirkonkylä","2021","8","22","03:00","9.4","5.8"
"Salla kirkonkylä","2021","8","23","03:00","9.9","3.8"
"Salla kirkonkylä","2021","8","24","03:00","11.8","-1"
"Salla kirkonkylä","2021","8","25","03:00","8.5","2.4"
"Salla kirkonkylä","2021","8","26","03:00","13.8","5.3"
"Salla kirkonkylä","2021","8","27","03:00","15.8","-2.1"
"Salla kirkonkylä","2021","8","28","03:00","17.3","-0.2"
"Salla kirkonkylä","2021","8","29","03:00","16.4","-1.6"
"Salla kirkonkylä","2021","8","30","03:00","18.2","-1.2"
"Salla kirkonkylä","2021","8","31","03:00","17.2","7.3"
"Salla kirkonkylä","2021","9","1","03:00","11.7","0.3"
"Salla kirkonkylä","2021","9","2","03:00","9.4","3.5"
"Salla kirkonkylä","2021","9","3","03:00","9","2.6"
"Salla kirkonkylä","2021","9","4","03:00","9.2","2"
"Salla kirkonkylä","2021","9","5","03:00","10.1","-4.7"
"Salla kirkonkylä","2021","9","6","03:00","12.4","-1.2"
"Salla kirkonkylä","2021","9","7","03:00","12.9","3.4"
"Salla kirkonkylä","2021","9","8","03:00","11.5","8.6"
"Salla kirkonkylä","2021","9","9","03:00","12.3","3.3"
"Salla kirkonkylä","2021","9","10","03:00","12.9","-1.7"
"Salla kirkonkylä","2021","9","11","03:00","11.2","-3.1"
"Salla kirkonkylä","2021","9","12","03:00","13","-3.6"
"Salla kirkonkylä","2021","9","13","03:00","8.6","0.3"
"Salla kirkonkylä","2021","9","14","03:00","7.6","0.7"
"Salla kirkonkylä","2021","9","15","03:00","6.1","1.6"
"Salla kirkonkylä","2021","9","16","03:00","6.5","-1.7"
"Salla kirkonkylä","2021","9","17","03:00","7.5","-2.4"
"Salla kirkonkylä","2021","9","18","03:00","7.8","2.5"
"Salla kirkonkylä","2021","9","19","03:00","7","2.9"
"Salla kirkonkylä","2021","9","20","03:00","7.1","-3.1"
"Salla kirkonkylä","2021","9","21","03:00","5.1","-3.3"
"Salla kirkonkylä","2021","9","22","03:00","8","-3.5"
"Salla kirkonkylä","2021","9","23","03:00","5.8","2.1"
"Salla kirkonkylä","2021","9","24","03:00","8.2","5.6"
"Salla kirkonkylä","2021","9","25","03:00","8.3","4.6"
"Salla kirkonkylä","2021","9","26","03:00","8.8","3.7"
"Salla kirkonkylä","2021","9","27","03:00","15.3","2.6"
"Salla kirkonkylä","2021","9","28","03:00","16.5","1.9"
"Salla kirkonkylä","2021","9","29","03:00","11","-1.2"
"Salla kirkonkylä","2021","9","30","03:00","8.5","5.2"
"Salla kirkonkylä","2021","10","1","03:00","8.6","4.7"
"Salla kirkonkylä","2021","10","2","03:00","10.5","5"
"Salla kirkonkylä","2021","10","3","03:00","11.9","1.9"
"Salla kirkonkylä","2021","10","4","03:00","14.5","6.6"
"Salla kirkonkylä","2021","10","5","03:00","12","7.9"
"Salla kirkonkylä","2021","10","6","03:00","10.4","7.6"
"Salla kirkonkylä","2021","10","7","03:00","10.5","2.2"
"Salla kirkonkylä","2021","10","8","03:00","2.5","-3.4"
"Salla kirkonkylä","2021","10","9","03:00","6.5","1"
"Salla kirkonkylä","2021","10","10","03:00","10.5","5.9"
"Salla kirkonkylä","2021","10","11","03:00","9.5","5.9"
"Salla kirkonkylä","2021","10","12","03:00","6.2","2.1"
"Salla kirkonkylä","2021","10","13","03:00","4","-1.2"
"Salla kirkonkylä","2021","10","14","03:00","2.3","-1.6"
"Salla kirkonkylä","2021","10","15","03:00","5.9","1"
"Salla kirkonkylä","2021","10","16","03:00","5","1.9"
"Salla kirkonkylä","2021","10","17","03:00","1.9","0.3"
"Salla kirkonkylä","2021","10","18","03:00","1.9","-2.1"
"Salla kirkonkylä","2021","10","19","03:00","-1.1","-8.7"
"Salla kirkonkylä","2021","10","20","03:00","-2.9","-10"
"Salla kirkonkylä","2021","10","21","03:00","-1.5","-3"
"Salla kirkonkylä","2021","10","22","03:00","-0.8","-3.3"
"Salla kirkonkylä","2021","10","23","03:00","-2.6","-11.1"
"Salla kirkonkylä","2021","10","24","03:00","-4.6","-21.3"
"Salla kirkonkylä","2021","10","25","03:00","-1.4","-5.7"
"Salla kirkonkylä","2021","10","26","03:00","0.3","-2.2"
"Salla kirkonkylä","2021","10","27","03:00","-0.2","-3.4"
"Salla kirkonkylä","2021","10","28","03:00","-0.2","-7.4"
"Salla kirkonkylä","2021","10","29","03:00","3.9","-0.2"
"Salla kirkonkylä","2021","10","30","03:00","2.7","-2.4"
"Salla kirkonkylä","2021","10","31","03:00","5.1","1.3"
"Salla kirkonkylä","2021","11","1","02:00","2.5","1"
"Salla kirkonkylä","2021","11","2","02:00","4.4","2.5"
"Salla kirkonkylä","2021","11","3","02:00","3.9","1.9"
"Salla kirkonkylä","2021","11","4","02:00","2.3","0"
"Salla kirkonkylä","2021","11","5","02:00","1.4","0"
"Salla kirkonkylä","2021","11","6","02:00","0.8","-0.7"
"Salla kirkonkylä","2021","11","7","02:00","-0.8","-13.3"
"Salla kirkonkylä","2021","11","8","02:00","-8","-17.3"
"Salla kirkonkylä","2021","11","9","02:00","-6.6","-18.8"
"Salla kirkonkylä","2021","11","10","02:00","2.3","-6.6"
"Salla kirkonkylä","2021","11","11","02:00","2.2","-0.4"
"Salla kirkonkylä","2021","11","12","02:00","-0.1","-4.4"
"Salla kirkonkylä","2021","11","13","02:00","-3.3","-15.1"
"Salla kirkonkylä","2021","11","14","02:00","-3.3","-13.2"
"Salla kirkonkylä","2021","11","15","02:00","0.4","-16.9"
"Salla kirkonkylä","2021","11","16","02:00","0.4","-4.5"
"Salla kirkonkylä","2021","11","17","02:00","1.4","-4.5"
"Salla kirkonkylä","2021","11","18","02:00","1.8","0"
"Salla kirkonkylä","2021","11","19","02:00","0.2","-5.7"
"Salla kirkonkylä","2021","11","20","02:00","-2.5","-7.2"
"Salla kirkonkylä","2021","11","21","02:00","-2.8","-11"
"Salla kirkonkylä","2021","11","22","02:00","-11","-23.8"
"Salla kirkonkylä","2021","11","23","02:00","-8.3","-23.8"
"Salla kirkonkylä","2021","11","24","02:00","-7","-17.9"
"Salla kirkonkylä","2021","11","25","02:00","-8.8","-18.5"
"Salla kirkonkylä","2021","11","26","02:00","-8.6","-22.7"
"Salla kirkonkylä","2021","11","27","02:00","-22.3","-28.6"
"Salla kirkonkylä","2021","11","28","02:00","-15.7","-28.5"
"Salla kirkonkylä","2021","11","29","02:00","-13.7","-17.9"
"Salla kirkonkylä","2021","11","30","02:00","-11.4","-18.7"
"Salla kirkonkylä","2021","12","1","02:00","-6.9","-11.4"
"Salla kirkonkylä","2021","12","2","02:00","-5.2","-9"
"Salla kirkonkylä","2021","12","3","02:00","-9","-18.9"
"Salla kirkonkylä","2021","12","4","02:00","-18.9","-32.3"
"Salla kirkonkylä","2021","12","5","02:00","-26.2","-33.9"
"Salla kirkonkylä","2021","12","6","02:00","-18.7","-31"
"Salla kirkonkylä","2021","12","7","02:00","-20.1","-32.7"
"Salla kirkonkylä","2021","12","8","02:00","-23.9","-32.6"
"Salla kirkonkylä","2021","12","9","02:00","-12.1","-25"
"Salla kirkonkylä","2021","12","10","02:00","-10.6","-12.8"
"Salla kirkonkylä","2021","12","11","02:00","-5.2","-11.8"
"Salla kirkonkylä","2021","12","12","02:00","-5","-6.4"
"Salla kirkonkylä","2021","12","13","02:00","-2.9","-5"
"Salla kirkonkylä","2021","12","14","02:00","-2.3","-6.8"
"Salla kirkonkylä","2021","12","15","02:00","-1","-6.2"
"Salla kirkonkylä","2021","12","16","02:00","-0.5","-6.2"
"Salla kirkonkylä","2021","12","17","02:00","-4.8","-7.2"
"Salla kirkonkylä","2021","12","18","02:00","-4.7","-5.9"
"Salla kirkonkylä","2021","12","19","02:00","-4.6","-17.9"
"Salla kirkonkylä","2021","12","20","02:00","-16.8","-27.7"
"Salla kirkonkylä","2021","12","21","02:00","-9","-22.4"
"Salla kirkonkylä","2021","12","22","02:00","-11.4","-21.9"
"Salla kirkonkylä","2021","12","23","02:00","-8.2","-17.7"
"Salla kirkonkylä","2021","12","24","02:00","-8.1","-16.6"
"Salla kirkonkylä","2021","12","25","02:00","-10.6","-22"
"Salla kirkonkylä","2021","12","26","02:00","-16.2","-23.2"
"Salla kirkonkylä","2021","12","27","02:00","-10.9","-19.8"
"Salla kirkonkylä","2021","12","28","02:00","-13.4","-16.1"
"Salla kirkonkylä","2021","12","29","02:00","-8.1","-15.9"
"Salla kirkonkylä","2021","12","30","02:00","-2.8","-12.3"
"Salla kirkonkylä","2021","12","31","02:00","-3","-7.3"
"Salla kirkonkylä","2022","1","1","02:00","-6.3","-21.4"
"Salla kirkonkylä","2022","1","2","02:00","-7.5","-29.7"
"Salla kirkonkylä","2022","1","3","02:00","-14.8","-30.4"
"Salla kirkonkylä","2022","1","4","02:00","-12.7","-17.2"
"Salla kirkonkylä","2022","1","5","02:00","-13","-14.1"
"Salla kirkonkylä","2022","1","6","02:00","-13.5","-30.3"
"Salla kirkonkylä","2022","1","7","02:00","-8.4","-23.3"
"Salla kirkonkylä","2022","1","8","02:00","-11.2","-28.5"
"Salla kirkonkylä","2022","1","9","02:00","-10.7","-26.6"
"Salla kirkonkylä","2022","1","10","02:00","-18.1","-30.7"
"Salla kirkonkylä","2022","1","11","02:00","-5.5","-17.8"
"Salla kirkonkylä","2022","1","12","02:00","0.4","-5.7"
"Salla kirkonkylä","2022","1","13","02:00","-0.1","-4.7"
"Salla kirkonkylä","2022","1","14","02:00","-1.3","-8.2"
"Salla kirkonkylä","2022","1","15","02:00","-1.5","-10.6"
"Salla kirkonkylä","2022","1","16","02:00","0.4","-10.1"
"Salla kirkonkylä","2022","1","17","02:00","-0.3","-10.1"
"Salla kirkonkylä","2022","1","18","02:00","-6.1","-20.7"
"Salla kirkonkylä","2022","1","19","02:00","1.6","-6.1"
"Salla kirkonkylä","2022","1","20","02:00","0.8","-16.2"
"Salla kirkonkylä","2022","1","21","02:00","-2.7","-16.3"
"Salla kirkonkylä","2022","1","22","02:00","-10.6","-26.7"
"Salla kirkonkylä","2022","1","23","02:00","2.1","-11.6"
"Salla kirkonkylä","2022","1","24","02:00","4.5","-1.6"
"Salla kirkonkylä","2022","1","25","02:00","-1.5","-10.9"
"Salla kirkonkylä","2022","1","26","02:00","-8.7","-16.5"
"Salla kirkonkylä","2022","1","27","02:00","-7.6","-10.2"
"Salla kirkonkylä","2022","1","28","02:00","-8.1","-10.4"
"Salla kirkonkylä","2022","1","29","02:00","-8.3","-18.6"
"Salla kirkonkylä","2022","1","30","02:00","-13","-27.1"
"Salla kirkonkylä","2022","1","31","02:00","-15.8","-28.6"
"Salla kirkonkylä","2022","2","1","02:00","-21.7","-31.1"
"Salla kirkonkylä","2022","2","2","02:00","-9.7","-21.9"
"Salla kirkonkylä","2022","2","3","02:00","-13.3","-25.2"
"Salla kirkonkylä","2022","2","4","02:00","-12.6","-28.7"
"Salla kirkonkylä","2022","2","5","02:00","-6.1","-12.7"
"Salla kirkonkylä","2022","2","6","02:00","-6.2","-7.6"
"Salla kirkonkylä","2022","2","7","02:00","-5.8","-7.2"
"Salla kirkonkylä","2022","2","8","02:00","-3.6","-6.4"
"Salla kirkonkylä","2022","2","9","02:00","-3.5","-7.5"
"Salla kirkonkylä","2022","2","10","02:00","-3.2","-3.9"
"Salla kirkonkylä","2022","2","11","02:00","-2.9","-7.5"
"Salla kirkonkylä","2022","2","12","02:00","-6.4","-25.9"
"Salla kirkonkylä","2022","2","13","02:00","-8.9","-31.8"
"Salla kirkonkylä","2022","2","14","02:00","-2.4","-17.1"
"Salla kirkonkylä","2022","2","15","02:00","-12.4","-27.8"
"Salla kirkonkylä","2022","2","16","02:00","-16.3","-27.6"
"Salla kirkonkylä","2022","2","17","02:00","-5.8","-18"
"Salla kirkonkylä","2022","2","18","02:00","-2.9","-6.2"
"Salla kirkonkylä","2022","2","19","02:00","-3.2","-6.5"
"Salla kirkonkylä","2022","2","20","02:00","-5.2","-9.8"
"Salla kirkonkylä","2022","2","21","02:00","-8.4","-22.1"
"Salla kirkonkylä","2022","2","22","02:00","-12.1","-24"
"Salla kirkonkylä","2022","2","23","02:00","-12.9","-27.6"
"Salla kirkonkylä","2022","2","24","02:00","-0.9","-16.1"
"Salla kirkonkylä","2022","2","25","02:00","0.2","-2.4"
"Salla kirkonkylä","2022","2","26","02:00","-2.4","-17.7"
"Salla kirkonkylä","2022","2","27","02:00","2","-13.6"
"Salla kirkonkylä","2022","2","28","02:00","4.8","-4.3"
"Salla kirkonkylä","2022","3","1","02:00","-0.3","-6.2"
"Salla kirkonkylä","2022","3","2","02:00","1.7","-1.6"
"Salla kirkonkylä","2022","3","3","02:00","-0.4","-5.9"
"Salla kirkonkylä","2022","3","4","02:00","-3.6","-22.5"
"Salla kirkonkylä","2022","3","5","02:00","-4.5","-20.6"
"Salla kirkonkylä","2022","3","6","02:00","-5.1","-8.6"
"Salla kirkonkylä","2022","3","7","02:00","-8.5","-24.2"
"Salla kirkonkylä","2022","3","8","02:00","-7.7","-12"
"Salla kirkonkylä","2022","3","9","02:00","-7.2","-8.8"
"Salla kirkonkylä","2022","3","10","02:00","-0.2","-7.9"
"Salla kirkonkylä","2022","3","11","02:00","2.7","-6.3"
"Salla kirkonkylä","2022","3","12","02:00","7.3","-5.2"
"Salla kirkonkylä","2022","3","13","02:00","7.4","-13.1"
"Salla kirkonkylä","2022","3","14","02:00","-0.8","-15.2"
"Salla kirkonkylä","2022","3","15","02:00","1.6","-15.2"
"Salla kirkonkylä","2022","3","16","02:00","6.5","-14.4"
"Salla kirkonkylä","2022","3","17","02:00","6.8","-5"
"Salla kirkonkylä","2022","3","18","02:00","2.6","-2.2"
"Salla kirkonkylä","2022","3","19","02:00","5.8","-3.9"
"Salla kirkonkylä","2022","3","20","02:00","7.6","4.3"
"Salla kirkonkylä","2022","3","21","02:00","8.9","-1.4"
"Salla kirkonkylä","2022","3","22","02:00","6.5","-4.1"
"Salla kirkonkylä","2022","3","23","02:00","6.1","-5.8"
"Salla kirkonkylä","2022","3","24","02:00","3.4","-7.8"
"Salla kirkonkylä","2022","3","25","02:00","-3.2","-7.9"
"Salla kirkonkylä","2022","3","26","02:00","-3.3","-8.7"
"Salla kirkonkylä","2022","3","27","02:00","-3.9","-20.4"
"Salla kirkonkylä","2022","3","28","03:00","-3.7","-20.3"
"Salla kirkonkylä","2022","3","29","03:00","-2.4","-17.4"
"Salla kirkonkylä","2022","3","30","03:00","-1.4","-7.3"
"Salla kirkonkylä","2022","3","31","03:00","-1.6","-13.6"
"Salla kirkonkylä","2022","4","1","03:00","-2.8","-17.7"
"Salla kirkonkylä","2022","4","2","03:00","-1.5","-11.5"
"Salla kirkonkylä","2022","4","3","03:00","-3","-7.2"
"Salla kirkonkylä","2022","4","4","03:00","-2","-9"
"Salla kirkonkylä","2022","4","5","03:00","-0.3","-8.9"
"Salla kirkonkylä","2022","4","6","03:00","0.2","-2.1"
"Salla kirkonkylä","2022","4","7","03:00","0.6","-6.7"
"Salla kirkonkylä","2022","4","8","03:00","-0.3","-6.9"
"Salla kirkonkylä","2022","4","9","03:00","1.4","-0.7"
"Salla kirkonkylä","2022","4","10","03:00","2.5","-2.6"
"Salla kirkonkylä","2022","4","11","03:00","3","-4.9"
"Salla kirkonkylä","2022","4","12","03:00","4.2","-0.6"
"Salla kirkonkylä","2022","4","13","03:00","6.4","-3.6"
"Salla kirkonkylä","2022","4","14","03:00","6.3","-3.1"
"Salla kirkonkylä","2022","4","15","03:00","4.2","-8.5"
"Salla kirkonkylä","2022","4","16","03:00","6.1","-7.7"
"Salla kirkonkylä","2022","4","17","03:00","9.9","-1.1"
"Salla kirkonkylä","2022","4","18","03:00","13.3","0.9"
"Salla kirkonkylä","2022","4","19","03:00","13.3","0.1"
"Salla kirkonkylä","2022","4","20","03:00","14.5","1.5"
"Salla kirkonkylä","2022","4","21","03:00","14.4","-2.3"
"Salla kirkonkylä","2022","4","22","03:00","8","-3.7"
"Salla kirkonkylä","2022","4","23","03:00","5.3","1"
"Salla kirkonkylä","2022","4","24","03:00","8.9","-5.8"
"Salla kirkonkylä","2022","4","25","03:00","6.8","1"
"Salla kirkonkylä","2022","4","26","03:00","2.2","-2.9"
"Salla kirkonkylä","2022","4","27","03:00","-0.2","-12.7"
"Salla kirkonkylä","2022","4","28","03:00","2.2","-4.5"
"Salla kirkonkylä","2022","4","29","03:00","2.7","-5.7"
"Salla kirkonkylä","2022","4","30","03:00","3.1","-6.5"
"Salla kirkonkylä","2022","5","1","03:00","4.1","-6.4"
"Salla kirkonkylä","2022","5","2","03:00","3.2","-1.9"
"Salla kirkonkylä","2022","5","3","03:00","1.5","-2.2"
"Salla kirkonkylä","2022","5","4","03:00","4.1","-12.7"
"Salla kirkonkylä","2022","5","5","03:00","5.6","-10.2"
"Salla kirkonkylä","2022","5","6","03:00","10.3","0.9"
"Salla kirkonkylä","2022","5","7","03:00","7.4","3.6"
"Salla kirkonkylä","2022","5","8","03:00","7.3","-0.8"
"Salla kirkonkylä","2022","5","9","03:00","8.5","-3"
"Salla kirkonkylä","2022","5","10","03:00","13","2"
"Salla kirkonkylä","2022","5","11","03:00","10.3","4.3"
"Salla kirkonkylä","2022","5","12","03:00","12.3","3"
"Salla kirkonkylä","2022","5","13","03:00","14.2","-1.5"
"Salla kirkonkylä","2022","5","14","03:00","15.7","-1.5"
"Salla kirkonkylä","2022","5","15","03:00","15.3","2.5"
"Salla kirkonkylä","2022","5","16","03:00","7.8","3.3"
"Salla kirkonkylä","2022","5","17","03:00","3.7","0.3"
"Salla kirkonkylä","2022","5","18","03:00","5.5","-0.2"
"Salla kirkonkylä","2022","5","19","03:00","6.8","0.3"
"Salla kirkonkylä","2022","5","20","03:00","12.5","-3.2"
"Salla kirkonkylä","2022","5","21","03:00","13.1","3.5"
"Salla kirkonkylä","2022","5","22","03:00","11.3","4"
"Salla kirkonkylä","2022","5","23","03:00","15.5","3.1"
"Salla kirkonkylä","2022","5","24","03:00","19.3","4.9"
"Salla kirkonkylä","2022","5","25","03:00","20","5.8"
"Salla kirkonkylä","2022","5","26","03:00","16.9","6.8"
"Salla kirkonkylä","2022","5","27","03:00","13.8","4.7"
"Salla kirkonkylä","2022","5","28","03:00","12.4","3.6"
"Salla kirkonkylä","2022","5","29","03:00","15.6","5.4"
"Salla kirkonkylä","2022","5","30","03:00","21","4.5"
"Salla kirkonkylä","2022","5","31","03:00","20.8","11.3"
"Salla kirkonkylä","2022","6","1","03:00","16.7","8.9"
"Salla kirkonkylä","2022","6","2","03:00","20.9","6.6"
"Salla kirkonkylä","2022","6","3","03:00","18.6","9.8"
"Salla kirkonkylä","2022","6","4","03:00","16.5","9.5"
"Salla kirkonkylä","2022","6","5","03:00","15.2","8.7"
"Salla kirkonkylä","2022","6","6","03:00","15.1","6.1"
"Salla kirkonkylä","2022","6","7","03:00","16.5","3.5"
"Salla kirkonkylä","2022","6","8","03:00","19.2","-0.5"
"Salla kirkonkylä","2022","6","9","03:00","16.5","8.4"
"Salla kirkonkylä","2022","6","10","03:00","17.4","2.1"
"Salla kirkonkylä","2022","6","11","03:00","22.8","1.9"
"Salla kirkonkylä","2022","6","12","03:00","19.9","10.9"
"Salla kirkonkylä","2022","6","13","03:00","19.8","9.7"
"Salla kirkonkylä","2022","6","14","03:00","21.5","6.5"
"Salla kirkonkylä","2022","6","15","03:00","15","8"
"Salla kirkonkylä","2022","6","16","03:00","8","5.6"
"Salla kirkonkylä","2022","6","17","03:00","11.7","4.5"
"Salla kirkonkylä","2022","6","18","03:00","15.2","0.7"
"Salla kirkonkylä","2022","6","19","03:00","13.3","4.1"
"Salla kirkonkylä","2022","6","20","03:00","12.6","5.4"
"Salla kirkonkylä","2022","6","21","03:00","18.7","1.3"
"Salla kirkonkylä","2022","6","22","03:00","19.6","11.2"
"Salla kirkonkylä","2022","6","23","03:00","17.4","3.5"
"Salla kirkonkylä","2022","6","24","03:00","21.6","7.2"
"Salla kirkonkylä","2022","6","25","03:00","26.7","6.6"
"Salla kirkonkylä","2022","6","26","03:00","27.5","12.5"
"Salla kirkonkylä","2022","6","27","03:00","21.4","12.2"
"Salla kirkonkylä","2022","6","28","03:00","23.2","11.3"
"Salla kirkonkylä","2022","6","29","03:00","28.6","11.7"
"Salla kirkonkylä","2022","6","30","03:00","30.1","13"
"Salla kirkonkylä","2022","7","1","03:00","29.6","16.9"
"Salla kirkonkylä","2022","7","2","03:00","29.5","18.4"
"Salla kirkonkylä","2022","7","3","03:00","24.6","17.7"
"Salla kirkonkylä","2022","7","4","03:00","24.8","9"
"Salla kirkonkylä","2022","7","5","03:00","25.9","9.6"
"Salla kirkonkylä","2022","7","6","03:00","20.7","12.4"
"Salla kirkonkylä","2022","7","7","03:00","18.1","10.5"
"Salla kirkonkylä","2022","7","8","03:00","18.1","10.6"
"Salla kirkonkylä","2022","7","9","03:00","17.8","8.1"
"Salla kirkonkylä","2022","7","10","03:00","21.1","11.9"
"Salla kirkonkylä","2022","7","11","03:00","19.7","11.7"
"Salla kirkonkylä","2022","7","12","03:00","24.6","14.2"
"Salla kirkonkylä","2022","7","13","03:00","24.3","16.3"
"Salla kirkonkylä","2022","7","14","03:00","21","16.2"
"Salla kirkonkylä","2022","7","15","03:00","22.4","10.2"
"Salla kirkonkylä","2022","7","16","03:00","19.8","12.8"
"Salla kirkonkylä","2022","7","17","03:00","20.5","6.9"
"Salla kirkonkylä","2022","7","18","03:00","17","10.2"
"Salla kirkonkylä","2022","7","19","03:00","19.9","8.3"
"Salla kirkonkylä","2022","7","20","03:00","16.7","9.1"
"Salla kirkonkylä","2022","7","21","03:00","25.4","6.4"
"Salla kirkonkylä","2022","7","22","03:00","24.1","15.4"
"Salla kirkonkylä","2022","7","23","03:00","20.3","6.7"
"Salla kirkonkylä","2022","7","24","03:00","18.7","3.5"
"Salla kirkonkylä","2022","7","25","03:00","21.7","5.1"
"Salla kirkonkylä","2022","7","26","03:00","18.5","14.1"
"Salla kirkonkylä","2022","7","27","03:00","20.9","13.8"
"Salla kirkonkylä","2022","7","28","03:00","16","10.9"
"Salla kirkonkylä","2022","7","29","03:00","14.4","9.7"
"Salla kirkonkylä","2022","7","30","03:00","12.1","5.8"
"Salla kirkonkylä","2022","7","31","03:00","15.1","9.9"
"Salla kirkonkylä","2022","8","1","03:00","19.4","11.6"
"Salla kirkonkylä","2022","8","2","03:00","20.3","10.3"
"Salla kirkonkylä","2022","8","3","03:00","19","8.6"
"Salla kirkonkylä","2022","8","4","03:00","21.7","12.2"
"Salla kirkonkylä","2022","8","5","03:00","20.9","11.9"
"Salla kirkonkylä","2022","8","6","03:00","17.8","14.2"
"Salla kirkonkylä","2022","8","7","03:00","17.2","9.3"
"Salla kirkonkylä","2022","8","8","03:00","17.2","4.3"
"Salla kirkonkylä","2022","8","9","03:00","19.5","4.3"
"Salla kirkonkylä","2022","8","10","03:00","19.5","11.2"
"Salla kirkonkylä","2022","8","11","03:00","20.2","14.6"
"Salla kirkonkylä","2022","8","12","03:00","16.8","9.5"
"Salla kirkonkylä","2022","8","13","03:00","17.7","0.1"
"Salla kirkonkylä","2022","8","14","03:00","19.5","9.1"
"Salla kirkonkylä","2022","8","15","03:00","23.2","1.3"
"Salla kirkonkylä","2022","8","16","03:00","27","13.6"
"Salla kirkonkylä","2022","8","17","03:00","27.5","15.2"
"Salla kirkonkylä","2022","8","18","03:00","23","11.2"
"Salla kirkonkylä","2022","8","19","03:00","23.2","8.6"
"Salla kirkonkylä","2022","8","20","03:00","26.1","15.7"
"Salla kirkonkylä","2022","8","21","03:00","24.5","15.3"
"Salla kirkonkylä","2022","8","22","03:00","19","14.1"
"Salla kirkonkylä","2022","8","23","03:00","18","10.1"
"Salla kirkonkylä","2022","8","24","03:00","16.3","2"
"Salla kirkonkylä","2022","8","25","03:00","20.5","-0.8"
"Salla kirkonkylä","2022","8","26","03:00","22.5","6.3"
"Salla kirkonkylä","2022","8","27","03:00","20.9","9.8"
"Salla kirkonkylä","2022","8","28","03:00","17.3","8.9"
"Salla kirkonkylä","2022","8","29","03:00","16","-1.2"
"Salla kirkonkylä","2022","8","30","03:00","11.1","4.5"
"Salla kirkonkylä","2022","8","31","03:00","11.6","2"
"Salla kirkonkylä","2022","9","1","03:00","9.5","-0.4"
"Salla kirkonkylä","2022","9","2","03:00","7.6","3.5"
"Salla kirkonkylä","2022","9","3","03:00","8.8","5"
"Salla kirkonkylä","2022","9","4","03:00","10.8","3.4"
"Salla kirkonkylä","2022","9","5","03:00","13.6","5.4"
"Salla kirkonkylä","2022","9","6","03:00","11","5.4"
"Salla kirkonkylä","2022","9","7","03:00","8.4","-1.6"
"Salla kirkonkylä","2022","9","8","03:00","12.2","0.4"
"Salla kirkonkylä","2022","9","9","03:00","12.8","-1.8"
"Salla kirkonkylä","2022","9","10","03:00","14.1","4.9"
"Salla kirkonkylä","2022","9","11","03:00","12.2","0.5"
"Salla kirkonkylä","2022","9","12","03:00","11.9","5.9"
"Salla kirkonkylä","2022","9","13","03:00","14","-0.7"
"Salla kirkonkylä","2022","9","14","03:00","11.6","6.2"
"Salla kirkonkylä","2022","9","15","03:00","10.2","8"
"Salla kirkonkylä","2022","9","16","03:00","11.1","8.8"
"Salla kirkonkylä","2022","9","17","03:00","10.1","7.6"
"Salla kirkonkylä","2022","9","18","03:00","10.4","8.5"
"Salla kirkonkylä","2022","9","19","03:00","9.1","7.1"
"Salla kirkonkylä","2022","9","20","03:00","7.1","2.4"
"Salla kirkonkylä","2022","9","21","03:00","8","-5.4"
"Salla kirkonkylä","2022","9","22","03:00","10.8","4.8"
"Salla kirkonkylä","2022","9","23","03:00","9.5","4.1"
"Salla kirkonkylä","2022","9","24","03:00","10.4","4.6"
"Salla kirkonkylä","2022","9","25","03:00","8.2","-2.6"
"Salla kirkonkylä","2022","9","26","03:00","8.7","-2.1"
"Salla kirkonkylä","2022","9","27","03:00","7.1","2.9"
"Salla kirkonkylä","2022","9","28","03:00","7.2","5.5"
"Salla kirkonkylä","2022","9","29","03:00","8.4","-0.6"
"Salla kirkonkylä","2022","9","30","03:00","3.1","-2.2"
"Salla kirkonkylä","2022","10","1","03:00","4.4","0.2"
"Salla kirkonkylä","2022","10","2","03:00","6.7","0.6"
"Salla kirkonkylä","2022","10","3","03:00","10.8","5"
"Salla kirkonkylä","2022","10","4","03:00","5.8","1.4"
"Salla kirkonkylä","2022","10","5","03:00","6","-0.3"
"Salla kirkonkylä","2022","10","6","03:00","10.7","5.1"
"Salla kirkonkylä","2022","10","7","03:00","9.9","4.1"
"Salla kirkonkylä","2022","10","8","03:00","9.9","5.2"
"Salla kirkonkylä","2022","10","9","03:00","7.6","2.5"
"Salla kirkonkylä","2022","10","10","03:00","8.2","-2.4"
"Salla kirkonkylä","2022","10","11","03:00","9.3","6.2"
"Salla kirkonkylä","2022","10","12","03:00","6.2","2.5"
"Salla kirkonkylä","2022","10","13","03:00","5.7","-2.5"
"Salla kirkonkylä","2022","10","14","03:00","6.7","4.5"
"Salla kirkonkylä","2022","10","15","03:00","8.3","4.5"
"Salla kirkonkylä","2022","10","16","03:00","9.9","7.1"
"Salla kirkonkylä","2022","10","17","03:00","9","2.2"
"Salla kirkonkylä","2022","10","18","03:00","3.9","-2.8"
"Salla kirkonkylä","2022","10","19","03:00","1.7","-3.7"
"Salla kirkonkylä","2022","10","20","03:00","3.1","-2.1"
"Salla kirkonkylä","2022","10","21","03:00","0.3","-10.8"
"Salla kirkonkylä","2022","10","22","03:00","4.1","-2.6"
"Salla kirkonkylä","2022","10","23","03:00","2.9","-1.3"
"Salla kirkonkylä","2022","10","24","03:00","1.6","-2.7"
"Salla kirkonkylä","2022","10","25","03:00","-2.2","-7.8"
"Salla kirkonkylä","2022","10","26","03:00","-0.7","-4.8"
"Salla kirkonkylä","2022","10","27","03:00","-1.2","-4.1"
"Salla kirkonkylä","2022","10","28","03:00","1.9","-4.4"
"Salla kirkonkylä","2022","10","29","03:00","4.4","0.3"
"Salla kirkonkylä","2022","10","30","03:00","0.8","-5.4"
"Salla kirkonkylä","2022","10","31","02:00","0.8","-9.2"
"Salla kirkonkylä","2022","11","1","02:00","-0.3","-6.9"
"Salla kirkonkylä","2022","11","2","02:00","-2","-9"
"Salla kirkonkylä","2022","11","3","02:00","0","-4.9"
"Salla kirkonkylä","2022","11","4","02:00","3.7","-0.5"
"Salla kirkonkylä","2022","11","5","02:00","5.1","0.5"
"Salla kirkonkylä","2022","11","6","02:00","0.8","-2.7"
"Salla kirkonkylä","2022","11","7","02:00","-0.6","-3.5"
"Salla kirkonkylä","2022","11","8","02:00","-3.5","-11.4"
"Salla kirkonkylä","2022","11","9","02:00","-2.6","-5.8"
"Salla kirkonkylä","2022","11","10","02:00","-0.1","-4.2"
"Salla kirkonkylä","2022","11","11","02:00","3.3","-2.6"
"Salla kirkonkylä","2022","11","12","02:00","3.5","-0.4"
"Salla kirkonkylä","2022","11","13","02:00","1.3","-8"
"Salla kirkonkylä","2022","11","14","02:00","0","-4.9"
"Salla kirkonkylä","2022","11","15","02:00","-1.4","-4.3"
"Salla kirkonkylä","2022","11","16","02:00","-1.7","-10.1"
"Salla kirkonkylä","2022","11","17","02:00","-10.1","-17.3"
"Salla kirkonkylä","2022","11","18","02:00","-6.4","-14.7"
"Salla kirkonkylä","2022","11","19","02:00","-3.2","-6.9"
"Salla kirkonkylä","2022","11","20","02:00","-6.9","-17.9"
"Salla kirkonkylä","2022","11","21","02:00","-17.1","-20.4"
"Salla kirkonkylä","2022","11","22","02:00","-14.5","-20.4"
"Salla kirkonkylä","2022","11","23","02:00","-4.9","-14.5"
"Salla kirkonkylä","2022","11","24","02:00","-3.7","-7.9"
"Salla kirkonkylä","2022","11","25","02:00","-7.9","-14.1"
"Salla kirkonkylä","2022","11","26","02:00","-6.6","-10.1"
"Salla kirkonkylä","2022","11","27","02:00","-4.5","-8.2"
"Salla kirkonkylä","2022","11","28","02:00","-3.8","-6.4"
"Salla kirkonkylä","2022","11","29","02:00","-2.6","-4"
"Salla kirkonkylä","2022","11","30","02:00","-2.7","-3.7"
"Salla kirkonkylä","2022","12","1","02:00","-3.2","-6.3"
"Salla kirkonkylä","2022","12","2","02:00","-4.7","-9.6"
"Salla kirkonkylä","2022","12","3","02:00","-4.3","-6.4"
"Salla kirkonkylä","2022","12","4","02:00","-5.1","-11.5"
"Salla kirkonkylä","2022","12","5","02:00","-2.4","-9.1"
"Salla kirkonkylä","2022","12","6","02:00","-0.7","-3.8"
"Salla kirkonkylä","2022","12","7","02:00","-2.3","-6.1"
"Salla kirkonkylä","2022","12","8","02:00","-4.2","-11"
"Salla kirkonkylä","2022","12","9","02:00","-4.1","-8.8"
"Salla kirkonkylä","2022","12","10","02:00","-6.8","-8.9"
"Salla kirkonkylä","2022","12","11","02:00","-7.1","-26"
"Salla kirkonkylä","2022","12","12","02:00","-20.3","-27.5"
"Salla kirkonkylä","2022","12","13","02:00","-11.5","-30.6"
"Salla kirkonkylä","2022","12","14","02:00","-9.7","-19.8"
"Salla kirkonkylä","2022","12","15","02:00","-12.7","-18.4"
"Salla kirkonkylä","2022","12","16","02:00","-8.2","-16.9"
"Salla kirkonkylä","2022","12","17","02:00","-4.1","-19.4"
"Salla kirkonkylä","2022","12","18","02:00","-3","-5.3"
"Salla kirkonkylä","2022","12","19","02:00","-4.7","-6.4"
"Salla kirkonkylä","2022","12","20","02:00","-6","-7.9"
"Salla kirkonkylä","2022","12","21","02:00","-6.3","-9.3"
"Salla kirkonkylä","2022","12","22","02:00","-6.8","-10.7"
"Salla kirkonkylä","2022","12","23","02:00","-3","-9.2"
"Salla kirkonkylä","2022","12","24","02:00","-6.2","-14.2"
"Salla kirkonkylä","2022","12","25","02:00","-7.5","-22.5"
"Salla kirkonkylä","2022","12","26","02:00","-4.3","-22.8"
"Salla kirkonkylä","2022","12","27","02:00","-6.2","-14.4"
"Salla kirkonkylä","2022","12","28","02:00","-7","-10.3"
"Salla kirkonkylä","2022","12","29","02:00","-6.1","-9.9"
"Salla kirkonkylä","2022","12","30","02:00","-5.2","-8.9"
"Salla kirkonkylä","2022","12","31","02:00","-3.5","-6"
"Salla kirkonkylä","2023","1","1","02:00","0.4","-3.7"
"Salla kirkonkylä","2023","1","2","02:00","-2.4","-19.8"
"Salla kirkonkylä","2023","1","3","02:00","-9.1","-21"
"Salla kirkonkylä","2023","1","4","02:00","-7","-23"
"Salla kirkonkylä","2023","1","5","02:00","-6.8","-22.1"
"Salla kirkonkylä","2023","1","6","02:00","-12.1","-27.1"
"Salla kirkonkylä","2023","1","7","02:00","-21.1","-31.4"
"Salla kirkonkylä","2023","1","8","02:00","-13","-28.4"
"Salla kirkonkylä","2023","1","9","02:00","-11","-13.1"
"Salla kirkonkylä","2023","1","10","02:00","-9.7","-12.9"
"Salla kirkonkylä","2023","1","11","02:00","-8.8","-15.5"
"Salla kirkonkylä","2023","1","12","02:00","1.2","-8.8"
"Salla kirkonkylä","2023","1","13","02:00","1.2","-0.4"
"Salla kirkonkylä","2023","1","14","02:00","-0.3","-3.3"
"Salla kirkonkylä","2023","1","15","02:00","-0.3","-3.9"
"Salla kirkonkylä","2023","1","16","02:00","0.4","-0.7"
"Salla kirkonkylä","2023","1","17","02:00","0.6","-3.2"
"Salla kirkonkylä","2023","1","18","02:00","-2.4","-6.4"
"Salla kirkonkylä","2023","1","19","02:00","-0.6","-2.8"
"Salla kirkonkylä","2023","1","20","02:00","-0.9","-3.7"
"Salla kirkonkylä","2023","1","21","02:00","-1.6","-6.4"
"Salla kirkonkylä","2023","1","22","02:00","-2.8","-8.4"
"Salla kirkonkylä","2023","1","23","02:00","-2.2","-7.5"
"Salla kirkonkylä","2023","1","24","02:00","-1.4","-9.1"
"Salla kirkonkylä","2023","1","25","02:00","2","-7.4"
"Salla kirkonkylä","2023","1","26","02:00","-2","-20"
"Salla kirkonkylä","2023","1","27","02:00","-5.5","-22.4"
"Salla kirkonkylä","2023","1","28","02:00","-0.7","-5.5"
"Salla kirkonkylä","2023","1","29","02:00","-1.6","-9.7"
"Salla kirkonkylä","2023","1","30","02:00","-3.4","-5.4"
"Salla kirkonkylä","2023","1","31","02:00","-4.1","-7.5"
"Salla kirkonkylä","2023","2","1","02:00","-5.5","-9.4"
"Salla kirkonkylä","2023","2","2","02:00","-7.2","-16.7"
"Salla kirkonkylä","2023","2","3","02:00","-7.9","-26.3"
"Salla kirkonkylä","2023","2","4","02:00","-12.8","-27"
"Salla kirkonkylä","2023","2","5","02:00","-10.2","-18.1"
"Salla kirkonkylä","2023","2","6","02:00","-6.9","-18.3"
"Salla kirkonkylä","2023","2","7","02:00","2.6","-7.1"
"Salla kirkonkylä","2023","2","8","02:00","1.4","-7.7"
"Salla kirkonkylä","2023","2","9","02:00","1.5","-0.8"
"Salla kirkonkylä","2023","2","10","02:00","0.5","-7.4"
"Salla kirkonkylä","2023","2","11","02:00","-7.5","-21.5"
"Salla kirkonkylä","2023","2","12","02:00","-1.5","-17.3"
"Salla kirkonkylä","2023","2","13","02:00","2.2","-2.3"
"Salla kirkonkylä","2023","2","14","02:00","0.3","-9.3"
"Salla kirkonkylä","2023","2","15","02:00","-2","-13.5"
"Salla kirkonkylä","2023","2","16","02:00","-1.5","-5.3"
"Salla kirkonkylä","2023","2","17","02:00","0.3","-1.7"
"Salla kirkonkylä","2023","2","18","02:00","-0.7","-4.9"
"Salla kirkonkylä","2023","2","19","02:00","-4.9","-7.6"
"Salla kirkonkylä","2023","2","20","02:00","-6.4","-12.2"
"Salla kirkonkylä","2023","2","21","02:00","-10.9","-25.7"
"Salla kirkonkylä","2023","2","22","02:00","-14.4","-31.3"
"Salla kirkonkylä","2023","2","23","02:00","-11","-26.1"
"Salla kirkonkylä","2023","2","24","02:00","-6.7","-11"
"Salla kirkonkylä","2023","2","25","02:00","-6.4","-10.5"
"Salla kirkonkylä","2023","2","26","02:00","-8.9","-17.6"
"Salla kirkonkylä","2023","2","27","02:00","1.3","-11.1"
"Salla kirkonkylä","2023","2","28","02:00","-0.4","-7.6"
"Salla kirkonkylä","2023","3","1","02:00","-1.5","-11.5"
"Salla kirkonkylä","2023","3","2","02:00","-0.2","-11.4"
"Salla kirkonkylä","2023","3","3","02:00","-1.9","-13.3"
"Salla kirkonkylä","2023","3","4","02:00","-1","-7.3"
"Salla kirkonkylä","2023","3","5","02:00","-3.4","-15.2"
"Salla kirkonkylä","2023","3","6","02:00","-8.1","-23.2"
"Salla kirkonkylä","2023","3","7","02:00","-8.4","-23.9"
"Salla kirkonkylä","2023","3","8","02:00","-10.2","-25"
"Salla kirkonkylä","2023","3","9","02:00","-8.8","-31.7"
"Salla kirkonkylä","2023","3","10","02:00","-6.3","-14.2"
"Salla kirkonkylä","2023","3","11","02:00","-4.6","-14.6"
"Salla kirkonkylä","2023","3","12","02:00","-6.4","-14.7"
"Salla kirkonkylä","2023","3","13","02:00","-4","-27.5"
"Salla kirkonkylä","2023","3","14","02:00","-5.7","-12.9"
"Salla kirkonkylä","2023","3","15","02:00","-3.7","-11"
"Salla kirkonkylä","2023","3","16","02:00","-2","-20.8"
"Salla kirkonkylä","2023","3","17","02:00","-2.3","-26"
"Salla kirkonkylä","2023","3","18","02:00","-0.7","-18.7"
"Salla kirkonkylä","2023","3","19","02:00","-0.3","-10.8"
"Salla kirkonkylä","2023","3","20","02:00","-1.7","-12.7"
"Salla kirkonkylä","2023","3","21","02:00","-3.1","-22.5"
"Salla kirkonkylä","2023","3","22","02:00","-2","-18.7"
"Salla kirkonkylä","2023","3","23","02:00","-5.2","-18.2"
"Salla kirkonkylä","2023","3","24","02:00","-5.2","-26.7"
"Salla kirkonkylä","2023","3","25","02:00","-5.1","-25.9"
"Salla kirkonkylä","2023","3","26","02:00","-2.8","-27.3"
"Salla kirkonkylä","2023","3","27","03:00","-2.1","-28.9"
"Salla kirkonkylä","2023","3","28","03:00","-2.5","-24.7"
"Salla kirkonkylä","2023","3","29","03:00","-3.3","-8.7"
"Salla kirkonkylä","2023","3","30","03:00","-4.3","-12.2"
"Salla kirkonkylä","2023","3","31","03:00","-3.5","-11.3"
"Salla kirkonkylä","2023","4","1","03:00","-0.6","-7.2"
"Salla kirkonkylä","2023","4","2","03:00","-0.5","-15.1"
"Salla kirkonkylä","2023","4","3","03:00","1","-22.5"
"Salla kirkonkylä","2023","4","4","03:00","4","-14.1"
"Salla kirkonkylä","2023","4","5","03:00","6","-15.3"
"Salla kirkonkylä","2023","4","6","03:00","8.1","-10.5"
"Salla kirkonkylä","2023","4","7","03:00","9.7","-4.9"
"Salla kirkonkylä","2023","4","8","03:00","8","-1.9"
"Salla kirkonkylä","2023","4","9","03:00","8.4","-9.1"
"Salla kirkonkylä","2023","4","10","03:00","8.7","-6.6"
"Salla kirkonkylä","2023","4","11","03:00","8.7","-8.8"
"Salla kirkonkylä","2023","4","12","03:00","4.5","-9.1"
"Salla kirkonkylä","2023","4","13","03:00","1.6","-8.4"
"Salla kirkonkylä","2023","4","14","03:00","6.5","-11.9"
"Salla kirkonkylä","2023","4","15","03:00","7.5","-12.9"
"Salla kirkonkylä","2023","4","16","03:00","8.4","-13"
"Salla kirkonkylä","2023","4","17","03:00","8.6","-11.7"
"Salla kirkonkylä","2023","4","18","03:00","7.3","-3.3"
"Salla kirkonkylä","2023","4","19","03:00","9.2","-1.6"
"Salla kirkonkylä","2023","4","20","03:00","10.1","-1.8"
"Salla kirkonkylä","2023","4","21","03:00","9.5","-3.1"
"Salla kirkonkylä","2023","4","22","03:00","7.6","-2.9"
"Salla kirkonkylä","2023","4","23","03:00","2.4","-10"
"Salla kirkonkylä","2023","4","24","03:00","3.1","-10.9"
"Salla kirkonkylä","2023","4","25","03:00","5.7","-11"
"Salla kirkonkylä","2023","4","26","03:00","7.8","-1.7"
"Salla kirkonkylä","2023","4","27","03:00","8.5","1.1"
"Salla kirkonkylä","2023","4","28","03:00","5","-0.3"
"Salla kirkonkylä","2023","4","29","03:00","2.9","-2.6"
"Salla kirkonkylä","2023","4","30","03:00","4.6","-1.1"
"Salla kirkonkylä","2023","5","1","03:00","5.9","0.1"
"Salla kirkonkylä","2023","5","2","03:00","7.8","-1.2"
"Salla kirkonkylä","2023","5","3","03:00","3.2","-3.3"
"Salla kirkonkylä","2023","5","4","03:00","0.7","-4.4"
"Salla kirkonkylä","2023","5","5","03:00","4.8","-9.6"
"Salla kirkonkylä","2023","5","6","03:00","7","-3"
"Salla kirkonkylä","2023","5","7","03:00","9.1","-4.2"
"Salla kirkonkylä","2023","5","8","03:00","11.8","-1.4"
"Salla kirkonkylä","2023","5","9","03:00","14.9","0.4"
"Salla kirkonkylä","2023","5","10","03:00","12.4","2.2"
"Salla kirkonkylä","2023","5","11","03:00","17.5","-1.1"
"Salla kirkonkylä","2023","5","12","03:00","15","2.6"
"Salla kirkonkylä","2023","5","13","03:00","17.7","-2.4"
"Salla kirkonkylä","2023","5","14","03:00","17.7","0.6"
"Salla kirkonkylä","2023","5","15","03:00","22.1","0.5"
"Salla kirkonkylä","2023","5","16","03:00","22","5.6"
"Salla kirkonkylä","2023","5","17","03:00","15.4","7.4"
"Salla kirkonkylä","2023","5","18","03:00","12.1","4"
"Salla kirkonkylä","2023","5","19","03:00","15.4","-1.8"
"Salla kirkonkylä","2023","5","20","03:00","20.5","3.8"
"Salla kirkonkylä","2023","5","21","03:00","21.6","4.9"
"Salla kirkonkylä","2023","5","22","03:00","23.3","4.6"
"Salla kirkonkylä","2023","5","23","03:00","21.4","6.8"
"Salla kirkonkylä","2023","5","24","03:00","20","8.3"
"Salla kirkonkylä","2023","5","25","03:00","14.2","7.3"
"Salla kirkonkylä","2023","5","26","03:00","10.7","4.5"
"Salla kirkonkylä","2023","5","27","03:00","11","3.2"
"Salla kirkonkylä","2023","5","28","03:00","10.7","0.6"
"Salla kirkonkylä","2023","5","29","03:00","13.5","4.7"
"Salla kirkonkylä","2023","5","30","03:00","13","-0.4"
"Salla kirkonkylä","2023","5","31","03:00","12.8","4.6"
"Salla kirkonkylä","2023","6","1","03:00","9.1","0.5"
"Salla kirkonkylä","2023","6","2","03:00","8.2","0.9"
"Salla kirkonkylä","2023","6","3","03:00","10.9","-2.8"
"Salla kirkonkylä","2023","6","4","03:00","12.1","2.9"
"Salla kirkonkylä","2023","6","5","03:00","12.1","6"
"Salla kirkonkylä","2023","6","6","03:00","10.7","3"
"Salla kirkonkylä","2023","6","7","03:00","10.7","2.4"
"Salla kirkonkylä","2023","6","8","03:00","9.2","4.8"
"Salla kirkonkylä","2023","6","9","03:00","10.7","3"
"Salla kirkonkylä","2023","6","10","03:00","16.8","-2.7"
"Salla kirkonkylä","2023","6","11","03:00","22.9","3.8"
"Salla kirkonkylä","2023","6","12","03:00","20","11.4"
"Salla kirkonkylä","2023","6","13","03:00","18.2","11"
"Salla kirkonkylä","2023","6","14","03:00","22.7","1"
"Salla kirkonkylä","2023","6","15","03:00","20.1","3.7"
"Salla kirkonkylä","2023","6","16","03:00","17","6.2"
"Salla kirkonkylä","2023","6","17","03:00","20","3"
"Salla kirkonkylä","2023","6","18","03:00","24.5","11.3"
"Salla kirkonkylä","2023","6","19","03:00","24.3","8"
"Salla kirkonkylä","2023","6","20","03:00","24","10.9"
"Salla kirkonkylä","2023","6","21","03:00","20.2","13.5"
"Salla kirkonkylä","2023","6","22","03:00","16.8","12.3"
"Salla kirkonkylä","2023","6","23","03:00","22.2","8.1"
"Salla kirkonkylä","2023","6","24","03:00","24.1","12.6"
"Salla kirkonkylä","2023","6","25","03:00","25.9","8.9"
"Salla kirkonkylä","2023","6","26","03:00","23.6","9.2"
"Salla kirkonkylä","2023","6","27","03:00","23.4","9.2"
"Salla kirkonkylä","2023","6","28","03:00","24.9","8.5"
"Salla kirkonkylä","2023","6","29","03:00","23.4","13.8"
"Salla kirkonkylä","2023","6","30","03:00","16.8","10.6"
"Salla kirkonkylä","2023","7","1","03:00","13.6","7"
"Salla kirkonkylä","2023","7","2","03:00","10.3","2.8"
"Salla kirkonkylä","2023","7","3","03:00","18","4.4"
"Salla kirkonkylä","2023","7","4","03:00","17.8","9.1"
"Salla kirkonkylä","2023","7","5","03:00","19.8","5.5"
"Salla kirkonkylä","2023","7","6","03:00","15.2","9.3"
"Salla kirkonkylä","2023","7","7","03:00","16.3","10.3"
"Salla kirkonkylä","2023","7","8","03:00","18.1","10"
"Salla kirkonkylä","2023","7","9","03:00","16","2.2"
"Salla kirkonkylä","2023","7","10","03:00","21.9","1.3"
"Salla kirkonkylä","2023","7","11","03:00","25.1","5.5"
"Salla kirkonkylä","2023","7","12","03:00","25.9","7.3"
"Salla kirkonkylä","2023","7","13","03:00","22.6","12.2"
"Salla kirkonkylä","2023","7","14","03:00","15.4","7.2"
"Salla kirkonkylä","2023","7","15","03:00","22.2","12.4"
"Salla kirkonkylä","2023","7","16","03:00","23.5","10.8"
"Salla kirkonkylä","2023","7","17","03:00","22.6","15.4"
"Salla kirkonkylä","2023","7","18","03:00","21.7","11.7"
"Salla kirkonkylä","2023","7","19","03:00","22.7","5"
"Salla kirkonkylä","2023","7","20","03:00","17.3","12.6"
"Salla kirkonkylä","2023","7","21","03:00","19.9","12.1"
"Salla kirkonkylä","2023","7","22","03:00","13.3","8.6"
"Salla kirkonkylä","2023","7","23","03:00","18.4","10.3"
"Salla kirkonkylä","2023","7","24","03:00","14.8","4.4"
"Salla kirkonkylä","2023","7","25","03:00","16","10.7"
"Salla kirkonkylä","2023","7","26","03:00","20.3","10.6"
"Salla kirkonkylä","2023","7","27","03:00","22.1","11.7"
"Salla kirkonkylä","2023","7","28","03:00","24.3","7.1"
"Salla kirkonkylä","2023","7","29","03:00","19.7","12.1"
"Salla kirkonkylä","2023","7","30","03:00","19","11.6"
"Salla kirkonkylä","2023","7","31","03:00","21.8","13.5"
"Salla kirkonkylä","2023","8","1","03:00","22.4","10.9"
"Salla kirkonkylä","2023","8","2","03:00","25.4","9.4"
"Salla kirkonkylä","2023","8","3","03:00","21.5","16.9"
"Salla kirkonkylä","2023","8","4","03:00","20.2","15.6"
"Salla kirkonkylä","2023","8","5","03:00","21.4","13.2"
"Salla kirkonkylä","2023","8","6","03:00","21.7","7.8"
"Salla kirkonkylä","2023","8","7","03:00","22.2","10.7"
"Salla kirkonkylä","2023","8","8","03:00","25.1","14.4"
"Salla kirkonkylä","2023","8","9","03:00","23.3","16.3"
"Salla kirkonkylä","2023","8","10","03:00","25.5","15.4"
"Salla kirkonkylä","2023","8","11","03:00","22.8","7.9"
"Salla kirkonkylä","2023","8","12","03:00","19.4","11"
"Salla kirkonkylä","2023","8","13","03:00","20","9.6"
"Salla kirkonkylä","2023","8","14","03:00","21.9","10.7"
"Salla kirkonkylä","2023","8","15","03:00","21","9.5"
"Salla kirkonkylä","2023","8","16","03:00","16.7","6.7"
"Salla kirkonkylä","2023","8","17","03:00","16.3","9.7"
"Salla kirkonkylä","2023","8","18","03:00","17.1","4.3"
"Salla kirkonkylä","2023","8","19","03:00","16.3","7.4"
"Salla kirkonkylä","2023","8","20","03:00","18.2","-1.5"
"Salla kirkonkylä","2023","8","21","03:00","18.9","5.1"
"Salla kirkonkylä","2023","8","22","03:00","17.8","6.9"
"Salla kirkonkylä","2023","8","23","03:00","16.6","6.7"
"Salla kirkonkylä","2023","8","24","03:00","16.2","9"
"Salla kirkonkylä","2023","8","25","03:00","17.8","8.8"
"Salla kirkonkylä","2023","8","26","03:00","18.7","8.5"
"Salla kirkonkylä","2023","8","27","03:00","18.6","0.7"
"Salla kirkonkylä","2023","8","28","03:00","19.6","-0.3"
"Salla kirkonkylä","2023","8","29","03:00","12.1","9.7"
"Salla kirkonkylä","2023","8","30","03:00","18.6","7.8"
"Salla kirkonkylä","2023","8","31","03:00","14.3","6.7"
"Salla kirkonkylä","2023","9","1","03:00","18.4","12.9"
"Salla kirkonkylä","2023","9","2","03:00","20.1","13.3"
"Salla kirkonkylä","2023","9","3","03:00","20.5","11.9"
"Salla kirkonkylä","2023","9","4","03:00","14.4","11.2"
"Salla kirkonkylä","2023","9","5","03:00","14.7","7"
"Salla kirkonkylä","2023","9","6","03:00","14","-0.2"
"Salla kirkonkylä","2023","9","7","03:00","14.8","0.4"
"Salla kirkonkylä","2023","9","8","03:00","15.9","3.1"
"Salla kirkonkylä","2023","9","9","03:00","22.3","8.2"
"Salla kirkonkylä","2023","9","10","03:00","16.7","12.3"
"Salla kirkonkylä","2023","9","11","03:00","18.1","3.3"
"Salla kirkonkylä","2023","9","12","03:00","17.1","11.1"
"Salla kirkonkylä","2023","9","13","03:00","15.8","6.3"
"Salla kirkonkylä","2023","9","14","03:00","11.6","0.2"
"Salla kirkonkylä","2023","9","15","03:00","11.3","-5"
"Salla kirkonkylä","2023","9","16","03:00","8.8","-0.7"
"Salla kirkonkylä","2023","9","17","03:00","9.6","4.6"
"Salla kirkonkylä","2023","9","18","03:00","10.2","-1.2"
"Salla kirkonkylä","2023","9","19","03:00","8.8","6.8"
"Salla kirkonkylä","2023","9","20","03:00","10.6","1.8"
"Salla kirkonkylä","2023","9","21","03:00","6.5","1.8"
"Salla kirkonkylä","2023","9","22","03:00","18.9","4.9"
"Salla kirkonkylä","2023","9","23","03:00","16.3","13.2"
"Salla kirkonkylä","2023","9","24","03:00","13.3","7.3"
"Salla kirkonkylä","2023","9","25","03:00","13.3","0.4"
"Salla kirkonkylä","2023","9","26","03:00","14.6","9.9"
"Salla kirkonkylä","2023","9","27","03:00","14.1","9.3"
"Salla kirkonkylä","2023","9","28","03:00","11.5","9"
"Salla kirkonkylä","2023","9","29","03:00","12.7","7.1"
"Salla kirkonkylä","2023","9","30","03:00","12.7","11"
"Salla kirkonkylä","2023","10","1","03:00","11","4.8"
"Salla kirkonkylä","2023","10","2","03:00","5.8","1.8"
"Salla kirkonkylä","2023","10","3","03:00","6.7","2.4"
"Salla kirkonkylä","2023","10","4","03:00","7.3","2.4"
"Salla kirkonkylä","2023","10","5","03:00","4","-4.1"
"Salla kirkonkylä","2023","10","6","03:00","3.5","-3.6"
"Salla kirkonkylä","2023","10","7","03:00","0.8","-4.3"
"Salla kirkonkylä","2023","10","8","03:00","0.3","-2.5"
"Salla kirkonkylä","2023","10","9","03:00","-0.3","-2.8"
"Salla kirkonkylä","2023","10","10","03:00","0.5","-1.9"
"Salla kirkonkylä","2023","10","11","03:00","0.9","-2.3"
"Salla kirkonkylä","2023","10","12","03:00","1.7","-0.3"
"Salla kirkonkylä","2023","10","13","03:00","2.2","-0.1"
"Salla kirkonkylä","2023","10","14","03:00","1","-2.8"
"Salla kirkonkylä","2023","10","15","03:00","2.5","0.1"
"Salla kirkonkylä","2023","10","16","03:00","2","-1"
"Salla kirkonkylä","2023","10","17","03:00","1.3","-0.5"
"Salla kirkonkylä","2023","10","18","03:00","0.4","-3"
"Salla kirkonkylä","2023","10","19","03:00","-0.3","-9.2"
"Salla kirkonkylä","2023","10","20","03:00","-3.1","-12.6"
"Salla kirkonkylä","2023","10","21","03:00","2.3","-11.8"
"Salla kirkonkylä","2023","10","22","03:00","-1.9","-11.2"
"Salla kirkonkylä","2023","10","23","03:00","-2","-12.8"
"Salla kirkonkylä","2023","10","24","03:00","-2.9","-15.1"
"Salla kirkonkylä","2023","10","25","03:00","-4.7","-14.3"
"Salla kirkonkylä","2023","10","26","03:00","-3.7","-10.3"
"Salla kirkonkylä","2023","10","27","03:00","-2.7","-8.5"
"Salla kirkonkylä","2023","10","28","03:00","-3.8","-14"
"Salla kirkonkylä","2023","10","29","03:00","-6.9","-12.4"
"Salla kirkonkylä","2023","10","30","02:00","-6.4","-11.9"
"Salla kirkonkylä","2023","10","31","02:00","-6.2","-12.2"
"Salla kirkonkylä","2023","11","1","02:00","-4.8","-16"
"Salla kirkonkylä","2023","11","2","02:00","-3.5","-16.7"
"Salla kirkonkylä","2023","11","3","02:00","-3.6","-7.3"
"Salla kirkonkylä","2023","11","4","02:00","-3","-16.6"
"Salla kirkonkylä","2023","11","5","02:00","0.1","-3.1"
"Salla kirkonkylä","2023","11","6","02:00","2.1","-0.9"
"Salla kirkonkylä","2023","11","7","02:00","0.9","-1.4"
"Salla kirkonkylä","2023","11","8","02:00","-0.8","-4"
"Salla kirkonkylä","2023","11","9","02:00","-3.8","-8"
"Salla kirkonkylä","2023","11","10","02:00","-3.5","-9"
"Salla kirkonkylä","2023","11","11","02:00","-4.4","-8.3"
"Salla kirkonkylä","2023","11","12","02:00","-7.6","-21.9"
"Salla kirkonkylä","2023","11","13","02:00","-4.4","-22.2"
"Salla kirkonkylä","2023","11","14","02:00","-9.1","-17.9"
"Salla kirkonkylä","2023","11","15","02:00","-5.3","-14.3"
"Salla kirkonkylä","2023","11","16","02:00","-5.5","-23.2"
"Salla kirkonkylä","2023","11","17","02:00","-6.6","-14.8"
"Salla kirkonkylä","2023","11","18","02:00","-7.5","-16.5"
"Salla kirkonkylä","2023","11","19","02:00","-8.2","-15"
"Salla kirkonkylä","2023","11","20","02:00","-9.2","-22.7"
"Salla kirkonkylä","2023","11","21","02:00","-17.8","-24"
"Salla kirkonkylä","2023","11","22","02:00","-12.9","-25.4"
"Salla kirkonkylä","2023","11","23","02:00","-4.4","-14.6"
"Salla kirkonkylä","2023","11","24","02:00","-6.8","-13.6"
"Salla kirkonkylä","2023","11","25","02:00","-3.4","-11"
"Salla kirkonkylä","2023","11","26","02:00","-6.7","-26"
"Salla kirkonkylä","2023","11","27","02:00","-26","-32.5"
"Salla kirkonkylä","2023","11","28","02:00","-5","-32.6"
"Salla kirkonkylä","2023","11","29","02:00","-3.7","-5.6"
"Salla kirkonkylä","2023","11","30","02:00","-5","-15"
"Salla kirkonkylä","2023","12","1","02:00","-6.4","-13.2"
"Salla kirkonkylä","2023","12","2","02:00","-12.3","-24.2"
"Salla kirkonkylä","2023","12","3","02:00","-8.1","-13.3"
"Salla kirkonkylä","2023","12","4","02:00","-8.5","-17.4"
"Salla kirkonkylä","2023","12","5","02:00","-10.1","-15"
"Salla kirkonkylä","2023","12","6","02:00","-10","-27.4"
"Salla kirkonkylä","2023","12","7","02:00","-13.6","-26.5"
"Salla kirkonkylä","2023","12","8","02:00","-12.5","-15.5"
"Salla kirkonkylä","2023","12","9","02:00","-12.6","-19.2"
"Salla kirkonkylä","2023","12","10","02:00","-14.9","-19"
"Salla kirkonkylä","2023","12","11","02:00","-14.9","-15.8"
"Salla kirkonkylä","2023","12","12","02:00","-15.3","-25.4"
"Salla kirkonkylä","2023","12","13","02:00","-14.8","-25.7"
"Salla kirkonkylä","2023","12","14","02:00","-9.1","-16.5"
"Salla kirkonkylä","2023","12","15","02:00","-9.6","-10.8"
"Salla kirkonkylä","2023","12","16","02:00","-5.6","-10.5"
"Salla kirkonkylä","2023","12","17","02:00","-1.8","-7.7"
"Salla kirkonkylä","2023","12","18","02:00","-1.2","-13.3"
"Salla kirkonkylä","2023","12","19","02:00","-2.9","-6.5"
"Salla kirkonkylä","2023","12","20","02:00","-4.2","-12.9"
"Salla kirkonkylä","2023","12","21","02:00","-10.7","-21.5"
"Salla kirkonkylä","2023","12","22","02:00","-7.2","-13.4"
"Salla kirkonkylä","2023","12","23","02:00","-3.7","-8.4"
"Salla kirkonkylä","2023","12","24","02:00","-2.6","-4.8"
"Salla kirkonkylä","2023","12","25","02:00","-1.6","-3.7"
"Salla kirkonkylä","2023","12","26","02:00","-2.8","-6.2"
"Salla kirkonkylä","2023","12","27","02:00","-5.2","-16.5"
"Salla kirkonkylä","2023","12","28","02:00","-11.3","-23"
"Salla kirkonkylä","2023","12","29","02:00","-8.3","-16.2"
"Salla kirkonkylä","2023","12","30","02:00","-13.8","-26.4"
"Salla kirkonkylä","2023","12","31","02:00","-13","-27.6"
