"Turku lentoasema","2020","1","1","02:00","3.6","-3.7"
"Turku lentoasema","2020","1","2","02:00","4.8","0.3"
"Turku lentoasema","2020","1","3","02:00","5.6","3.2"
"Turku lentoasema","2020","1","4","02:00","3.7","0.9"
"Turku lentoasema","2020","1","5","02:00","2.5","-4.2"
"Turku lentoasema","2020","1","6","02:00","2.5","-0.8"
"Turku lentoasema","2020","1","7","02:00","5","2.3"
"Turku lentoasema","2020","1","8","02:00","7.7","4.4"
"Turku lentoasema","2020","1","9","02:00","4.6","-2.7"
"Turku lentoasema","2020","1","10","02:00","-0.5","-6.4"
"Turku lentoasema","2020","1","11","02:00","4.2","-7.7"
"Turku lentoasema","2020","1","12","02:00","5.8","2.5"
"Turku lentoasema","2020","1","13","02:00","4.3","-1.4"
"Turku lentoasema","2020","1","14","02:00","4.9","0.4"
"Turku lentoasema","2020","1","15","02:00","8.2","4"
"Turku lentoasema","2020","1","16","02:00","6.2","3.5"
"Turku lentoasema","2020","1","17","02:00","5.3","1.8"
"Turku lentoasema","2020","1","18","02:00","5.1","1.7"
"Turku lentoasema","2020","1","19","02:00","4.9","1"
"Turku lentoasema","2020","1","20","02:00","3.6","0.8"
"Turku lentoasema","2020","1","21","02:00","8.5","3"
"Turku lentoasema","2020","1","22","02:00","4.6","-0.7"
"Turku lentoasema","2020","1","23","02:00","2.4","-4"
"Turku lentoasema","2020","1","24","02:00","3.1","-1.3"
"Turku lentoasema","2020","1","25","02:00","3.3","-3.5"
"Turku lentoasema","2020","1","26","02:00","5.9","-2.9"
"Turku lentoasema","2020","1","27","02:00","2.5","-0.3"
"Turku lentoasema","2020","1","28","02:00","4.5","1.8"
"Turku lentoasema","2020","1","29","02:00","2","0.7"
"Turku lentoasema","2020","1","30","02:00","1.5","0.4"
"Turku lentoasema","2020","1","31","02:00","2.3","1.1"
"Turku lentoasema","2020","2","1","02:00","5.5","1.2"
"Turku lentoasema","2020","2","2","02:00","5.6","1.4"
"Turku lentoasema","2020","2","3","02:00","2.4","-2.5"
"Turku lentoasema","2020","2","4","02:00","-2.3","-9.2"
"Turku lentoasema","2020","2","5","02:00","2.3","-8.4"
"Turku lentoasema","2020","2","6","02:00","0.6","-7.7"
"Turku lentoasema","2020","2","7","02:00","0.8","-11.1"
"Turku lentoasema","2020","2","8","02:00","1.1","-3.3"
"Turku lentoasema","2020","2","9","02:00","4.6","0.9"
"Turku lentoasema","2020","2","10","02:00","6.1","4.3"
"Turku lentoasema","2020","2","11","02:00","4.6","1.5"
"Turku lentoasema","2020","2","12","02:00","4.5","1"
"Turku lentoasema","2020","2","13","02:00","2.5","-2"
"Turku lentoasema","2020","2","14","02:00","2.5","-4.9"
"Turku lentoasema","2020","2","15","02:00","3","-5.2"
"Turku lentoasema","2020","2","16","02:00","6.8","2.8"
"Turku lentoasema","2020","2","17","02:00","7.2","3.4"
"Turku lentoasema","2020","2","18","02:00","7.1","4.3"
"Turku lentoasema","2020","2","19","02:00","5.1","0.4"
"Turku lentoasema","2020","2","20","02:00","1.3","-5.8"
"Turku lentoasema","2020","2","21","02:00","4.6","1.2"
"Turku lentoasema","2020","2","22","02:00","5.9","3"
"Turku lentoasema","2020","2","23","02:00","5.2","1.3"
"Turku lentoasema","2020","2","24","02:00","3.6","-2.2"
"Turku lentoasema","2020","2","25","02:00","1.7","-7.9"
"Turku lentoasema","2020","2","26","02:00","0.3","-3.5"
"Turku lentoasema","2020","2","27","02:00","0.5","-7.1"
"Turku lentoasema","2020","2","28","02:00","0.5","-10.5"
"Turku lentoasema","2020","2","29","02:00","1.2","-11.8"
"Turku lentoasema","2020","3","1","02:00","3.2","-2.1"
"Turku lentoasema","2020","3","2","02:00","4.9","2.3"
"Turku lentoasema","2020","3","3","02:00","4","1.2"
"Turku lentoasema","2020","3","4","02:00","2.7","0.2"
"Turku lentoasema","2020","3","5","02:00","4","0.2"
"Turku lentoasema","2020","3","6","02:00","5.8","-1.6"
"Turku lentoasema","2020","3","7","02:00","5","-3.8"
"Turku lentoasema","2020","3","8","02:00","5.1","-4.1"
"Turku lentoasema","2020","3","9","02:00","6.1","3.4"
"Turku lentoasema","2020","3","10","02:00","4.9","3.5"
"Turku lentoasema","2020","3","11","02:00","3.9","2.5"
"Turku lentoasema","2020","3","12","02:00","5.8","0.8"
"Turku lentoasema","2020","3","13","02:00","3","-2.2"
"Turku lentoasema","2020","3","14","02:00","0.5","-8.2"
"Turku lentoasema","2020","3","15","02:00","4.1","-6.2"
"Turku lentoasema","2020","3","16","02:00","5.1","-0.1"
"Turku lentoasema","2020","3","17","02:00","4.4","-6.3"
"Turku lentoasema","2020","3","18","02:00","6.4","3"
"Turku lentoasema","2020","3","19","02:00","6.7","-1.2"
"Turku lentoasema","2020","3","20","02:00","2.1","-2.4"
"Turku lentoasema","2020","3","21","02:00","2.6","-6.6"
"Turku lentoasema","2020","3","22","02:00","3.7","-9.1"
"Turku lentoasema","2020","3","23","02:00","4.7","-1.6"
"Turku lentoasema","2020","3","24","02:00","5.6","1.1"
"Turku lentoasema","2020","3","25","02:00","7.7","3.2"
"Turku lentoasema","2020","3","26","02:00","8.3","1.7"
"Turku lentoasema","2020","3","27","02:00","8.2","-3.4"
"Turku lentoasema","2020","3","28","02:00","9.1","0.3"
"Turku lentoasema","2020","3","29","02:00","2.2","-5"
"Turku lentoasema","2020","3","30","03:00","0.4","-5"
"Turku lentoasema","2020","3","31","03:00","2.9","-12"
"Turku lentoasema","2020","4","1","03:00","6.2","-0.1"
"Turku lentoasema","2020","4","2","03:00","7.6","1"
"Turku lentoasema","2020","4","3","03:00","5.2","-0.3"
"Turku lentoasema","2020","4","4","03:00","5.6","-4"
"Turku lentoasema","2020","4","5","03:00","7.2","-3.2"
"Turku lentoasema","2020","4","6","03:00","12.9","2.3"
"Turku lentoasema","2020","4","7","03:00","14.2","4.4"
"Turku lentoasema","2020","4","8","03:00","11.1","-1.2"
"Turku lentoasema","2020","4","9","03:00","7.9","2.7"
"Turku lentoasema","2020","4","10","03:00","7.3","-1.6"
"Turku lentoasema","2020","4","11","03:00","7.7","-3.1"
"Turku lentoasema","2020","4","12","03:00","6.5","-1"
"Turku lentoasema","2020","4","13","03:00","6.3","-0.3"
"Turku lentoasema","2020","4","14","03:00","3.4","-0.3"
"Turku lentoasema","2020","4","15","03:00","8.5","-0.3"
"Turku lentoasema","2020","4","16","03:00","6.8","1"
"Turku lentoasema","2020","4","17","03:00","7.1","0.9"
"Turku lentoasema","2020","4","18","03:00","7.7","1.3"
"Turku lentoasema","2020","4","19","03:00","11.7","0.1"
"Turku lentoasema","2020","4","20","03:00","13.4","3"
"Turku lentoasema","2020","4","21","03:00","16.6","1.4"
"Turku lentoasema","2020","4","22","03:00","15.5","3.3"
"Turku lentoasema","2020","4","23","03:00","14","-1.6"
"Turku lentoasema","2020","4","24","03:00","10.6","2.7"
"Turku lentoasema","2020","4","25","03:00","8","-3.4"
"Turku lentoasema","2020","4","26","03:00","8.8","-4.2"
"Turku lentoasema","2020","4","27","03:00","8.9","-2.4"
"Turku lentoasema","2020","4","28","03:00","5.8","-1.7"
"Turku lentoasema","2020","4","29","03:00","7.1","0.3"
"Turku lentoasema","2020","4","30","03:00","6.5","-3"
"Turku lentoasema","2020","5","1","03:00","12.3","-0.3"
"Turku lentoasema","2020","5","2","03:00","8.4","5.6"
"Turku lentoasema","2020","5","3","03:00","13","2.9"
"Turku lentoasema","2020","5","4","03:00","13.1","4.4"
"Turku lentoasema","2020","5","5","03:00","16.8","0"
"Turku lentoasema","2020","5","6","03:00","14.6","-1"
"Turku lentoasema","2020","5","7","03:00","11.4","1.9"
"Turku lentoasema","2020","5","8","03:00","11.9","-1.8"
"Turku lentoasema","2020","5","9","03:00","11.4","1.4"
"Turku lentoasema","2020","5","10","03:00","14.3","-2.1"
"Turku lentoasema","2020","5","11","03:00","9.1","0.4"
"Turku lentoasema","2020","5","12","03:00","9.2","-1.6"
"Turku lentoasema","2020","5","13","03:00","7","1.3"
"Turku lentoasema","2020","5","14","03:00","9.5","-1"
"Turku lentoasema","2020","5","15","03:00","8.9","-1.1"
"Turku lentoasema","2020","5","16","03:00","6.4","2.7"
"Turku lentoasema","2020","5","17","03:00","9.8","-2.2"
"Turku lentoasema","2020","5","18","03:00","11.1","0.8"
"Turku lentoasema","2020","5","19","03:00","12","-1.8"
"Turku lentoasema","2020","5","20","03:00","12.8","2.8"
"Turku lentoasema","2020","5","21","03:00","15.4","2.3"
"Turku lentoasema","2020","5","22","03:00","17.6","3.3"
"Turku lentoasema","2020","5","23","03:00","16.2","0"
"Turku lentoasema","2020","5","24","03:00","13.5","7.6"
"Turku lentoasema","2020","5","25","03:00","15.2","5.4"
"Turku lentoasema","2020","5","26","03:00","21.9","4.2"
"Turku lentoasema","2020","5","27","03:00","18.8","5.5"
"Turku lentoasema","2020","5","28","03:00","15.2","9"
"Turku lentoasema","2020","5","29","03:00","16.3","4.2"
"Turku lentoasema","2020","5","30","03:00","20.8","6.5"
"Turku lentoasema","2020","5","31","03:00","22.8","9.7"
"Turku lentoasema","2020","6","1","03:00","25","11.7"
"Turku lentoasema","2020","6","2","03:00","19.6","5.9"
"Turku lentoasema","2020","6","3","03:00","20.3","6.5"
"Turku lentoasema","2020","6","4","03:00","21.1","4.3"
"Turku lentoasema","2020","6","5","03:00","20.8","9.6"
"Turku lentoasema","2020","6","6","03:00","17.8","11"
"Turku lentoasema","2020","6","7","03:00","18.7","10.1"
"Turku lentoasema","2020","6","8","03:00","18","6"
"Turku lentoasema","2020","6","9","03:00","22.2","11.2"
"Turku lentoasema","2020","6","10","03:00","23.9","9.7"
"Turku lentoasema","2020","6","11","03:00","24.7","12.9"
"Turku lentoasema","2020","6","12","03:00","24.7","9.1"
"Turku lentoasema","2020","6","13","03:00","25.8","7.9"
"Turku lentoasema","2020","6","14","03:00","25.4","7.9"
"Turku lentoasema","2020","6","15","03:00","27.1","6.5"
"Turku lentoasema","2020","6","16","03:00","25.8","13.5"
"Turku lentoasema","2020","6","17","03:00","24.4","12.9"
"Turku lentoasema","2020","6","18","03:00","23","11.2"
"Turku lentoasema","2020","6","19","03:00","27.6","9.8"
"Turku lentoasema","2020","6","20","03:00","26.6","15.9"
"Turku lentoasema","2020","6","21","03:00","24.3","13.1"
"Turku lentoasema","2020","6","22","03:00","25","8.6"
"Turku lentoasema","2020","6","23","03:00","26.7","9.6"
"Turku lentoasema","2020","6","24","03:00","28.2","10.8"
"Turku lentoasema","2020","6","25","03:00","28.5","12.2"
"Turku lentoasema","2020","6","26","03:00","27.4","12.6"
"Turku lentoasema","2020","6","27","03:00","29.7","12.8"
"Turku lentoasema","2020","6","28","03:00","28.6","13.3"
"Turku lentoasema","2020","6","29","03:00","22.8","16.4"
"Turku lentoasema","2020","6","30","03:00","18.9","14.3"
"Turku lentoasema","2020","7","1","03:00","17.9","13.5"
"Turku lentoasema","2020","7","2","03:00","19.1","7.2"
"Turku lentoasema","2020","7","3","03:00","19.4","13.7"
"Turku lentoasema","2020","7","4","03:00","17.1","12.9"
"Turku lentoasema","2020","7","5","03:00","17.4","11"
"Turku lentoasema","2020","7","6","03:00","17.5","14.7"
"Turku lentoasema","2020","7","7","03:00","16.1","13"
"Turku lentoasema","2020","7","8","03:00","16.4","8.5"
"Turku lentoasema","2020","7","9","03:00","15.8","8.6"
"Turku lentoasema","2020","7","10","03:00","19.6","6.4"
"Turku lentoasema","2020","7","11","03:00","16","9"
"Turku lentoasema","2020","7","12","03:00","19.2","6.1"
"Turku lentoasema","2020","7","13","03:00","18.7","8"
"Turku lentoasema","2020","7","14","03:00","20.5","5"
"Turku lentoasema","2020","7","15","03:00","21.5","8.6"
"Turku lentoasema","2020","7","16","03:00","24.2","9.2"
"Turku lentoasema","2020","7","17","03:00","25.4","10.3"
"Turku lentoasema","2020","7","18","03:00","24.1","16.5"
"Turku lentoasema","2020","7","19","03:00","24.8","11.9"
"Turku lentoasema","2020","7","20","03:00","26.2","14.6"
"Turku lentoasema","2020","7","21","03:00","23.2","15.7"
"Turku lentoasema","2020","7","22","03:00","17.3","11.5"
"Turku lentoasema","2020","7","23","03:00","14.9","9.3"
"Turku lentoasema","2020","7","24","03:00","13.7","9.8"
"Turku lentoasema","2020","7","25","03:00","18.2","6"
"Turku lentoasema","2020","7","26","03:00","21.8","8.5"
"Turku lentoasema","2020","7","27","03:00","20.9","12.9"
"Turku lentoasema","2020","7","28","03:00","22","11.5"
"Turku lentoasema","2020","7","29","03:00","19.9","11.9"
"Turku lentoasema","2020","7","30","03:00","20","10.1"
"Turku lentoasema","2020","7","31","03:00","22.8","10.7"
"Turku lentoasema","2020","8","1","03:00","22.7","9.7"
"Turku lentoasema","2020","8","2","03:00","21.7","12.7"
"Turku lentoasema","2020","8","3","03:00","20.3","16"
"Turku lentoasema","2020","8","4","03:00","21.7","13.7"
"Turku lentoasema","2020","8","5","03:00","21.6","6.7"
"Turku lentoasema","2020","8","6","03:00","20.3","14.6"
"Turku lentoasema","2020","8","7","03:00","25.5","13"
"Turku lentoasema","2020","8","8","03:00","26.1","14.1"
"Turku lentoasema","2020","8","9","03:00","26.4","13.3"
"Turku lentoasema","2020","8","10","03:00","22.6","10.5"
"Turku lentoasema","2020","8","11","03:00","20.5","10.2"
"Turku lentoasema","2020","8","12","03:00","21.9","6.4"
"Turku lentoasema","2020","8","13","03:00","19.6","14"
"Turku lentoasema","2020","8","14","03:00","21.2","6.2"
"Turku lentoasema","2020","8","15","03:00","26.1","13.5"
"Turku lentoasema","2020","8","16","03:00","23.7","13.4"
"Turku lentoasema","2020","8","17","03:00","23.1","6.6"
"Turku lentoasema","2020","8","18","03:00","24.8","5"
"Turku lentoasema","2020","8","19","03:00","26.3","13.4"
"Turku lentoasema","2020","8","20","03:00","25.4","10.3"
"Turku lentoasema","2020","8","21","03:00","25.9","10.8"
"Turku lentoasema","2020","8","22","03:00","21.3","18.2"
"Turku lentoasema","2020","8","23","03:00","21.4","16.2"
"Turku lentoasema","2020","8","24","03:00","19.1","13"
"Turku lentoasema","2020","8","25","03:00","19.1","7.3"
"Turku lentoasema","2020","8","26","03:00","18.9","5.4"
"Turku lentoasema","2020","8","27","03:00","18.6","4.5"
"Turku lentoasema","2020","8","28","03:00","19.2","5"
"Turku lentoasema","2020","8","29","03:00","19.9","5.4"
"Turku lentoasema","2020","8","30","03:00","17.5","10.8"
"Turku lentoasema","2020","8","31","03:00","15.5","7"
"Turku lentoasema","2020","9","1","03:00","19.8","7.3"
"Turku lentoasema","2020","9","2","03:00","19.2","3.7"
"Turku lentoasema","2020","9","3","03:00","17.4","13.1"
"Turku lentoasema","2020","9","4","03:00","17.9","14.2"
"Turku lentoasema","2020","9","5","03:00","17.8","13.4"
"Turku lentoasema","2020","9","6","03:00","17.4","8.3"
"Turku lentoasema","2020","9","7","03:00","16.7","4.9"
"Turku lentoasema","2020","9","8","03:00","-","8"
"Turku lentoasema","2020","9","9","03:00","15.4","5"
"Turku lentoasema","2020","9","10","03:00","15.3","9.4"
"Turku lentoasema","2020","9","11","03:00","16.6","6.6"
"Turku lentoasema","2020","9","12","03:00","14.9","9.9"
"Turku lentoasema","2020","9","13","03:00","15.3","9.9"
"Turku lentoasema","2020","9","14","03:00","18","7.6"
"Turku lentoasema","2020","9","15","03:00","17.4","5.5"
"Turku lentoasema","2020","9","16","03:00","16.4","8.9"
"Turku lentoasema","2020","9","17","03:00","12.3","8.1"
"Turku lentoasema","2020","9","18","03:00","15.8","2.4"
"Turku lentoasema","2020","9","19","03:00","14.3","6"
"Turku lentoasema","2020","9","20","03:00","16.1","4.2"
"Turku lentoasema","2020","9","21","03:00","15.2","5.9"
"Turku lentoasema","2020","9","22","03:00","16.1","9.7"
"Turku lentoasema","2020","9","23","03:00","18.5","7.9"
"Turku lentoasema","2020","9","24","03:00","20.4","13.7"
"Turku lentoasema","2020","9","25","03:00","19","13.7"
"Turku lentoasema","2020","9","26","03:00","22.6","12.3"
"Turku lentoasema","2020","9","27","03:00","22.9","12"
"Turku lentoasema","2020","9","28","03:00","19","9.7"
"Turku lentoasema","2020","9","29","03:00","14.9","11.4"
"Turku lentoasema","2020","9","30","03:00","16.1","8.1"
"Turku lentoasema","2020","10","1","03:00","16.1","6.2"
"Turku lentoasema","2020","10","2","03:00","17.5","7.9"
"Turku lentoasema","2020","10","3","03:00","16.8","8"
"Turku lentoasema","2020","10","4","03:00","16.2","10.2"
"Turku lentoasema","2020","10","5","03:00","16.8","10.1"
"Turku lentoasema","2020","10","6","03:00","15.5","10.2"
"Turku lentoasema","2020","10","7","03:00","14.1","11.8"
"Turku lentoasema","2020","10","8","03:00","14.5","10.7"
"Turku lentoasema","2020","10","9","03:00","13.1","10.5"
"Turku lentoasema","2020","10","10","03:00","13.4","8.9"
"Turku lentoasema","2020","10","11","03:00","12.8","8.5"
"Turku lentoasema","2020","10","12","03:00","11.3","3.3"
"Turku lentoasema","2020","10","13","03:00","10.5","3.9"
"Turku lentoasema","2020","10","14","03:00","8","3.7"
"Turku lentoasema","2020","10","15","03:00","8","-1.8"
"Turku lentoasema","2020","10","16","03:00","7.7","-1"
"Turku lentoasema","2020","10","17","03:00","10","-3"
"Turku lentoasema","2020","10","18","03:00","9.1","0.5"
"Turku lentoasema","2020","10","19","03:00","4","0.2"
"Turku lentoasema","2020","10","20","03:00","2.9","-0.6"
"Turku lentoasema","2020","10","21","03:00","9.5","0.3"
"Turku lentoasema","2020","10","22","03:00","10.5","9.4"
"Turku lentoasema","2020","10","23","03:00","11.1","1"
"Turku lentoasema","2020","10","24","03:00","6.2","-1.1"
"Turku lentoasema","2020","10","25","03:00","9.8","-2.2"
"Turku lentoasema","2020","10","26","02:00","12.3","9.7"
"Turku lentoasema","2020","10","27","02:00","12.1","9.6"
"Turku lentoasema","2020","10","28","02:00","11.6","8.1"
"Turku lentoasema","2020","10","29","02:00","11.6","7.6"
"Turku lentoasema","2020","10","30","02:00","9.9","3.8"
"Turku lentoasema","2020","10","31","02:00","9","2.9"
"Turku lentoasema","2020","11","1","02:00","9.2","7.5"
"Turku lentoasema","2020","11","2","02:00","11.4","8.6"
"Turku lentoasema","2020","11","3","02:00","13.5","8.5"
"Turku lentoasema","2020","11","4","02:00","9.6","4.1"
"Turku lentoasema","2020","11","5","02:00","10.2","4.3"
"Turku lentoasema","2020","11","6","02:00","14","4.4"
"Turku lentoasema","2020","11","7","02:00","10.6","2.4"
"Turku lentoasema","2020","11","8","02:00","8.7","-0.4"
"Turku lentoasema","2020","11","9","02:00","7.7","-0.7"
"Turku lentoasema","2020","11","10","02:00","6","-3.2"
"Turku lentoasema","2020","11","11","02:00","7.6","0.2"
"Turku lentoasema","2020","11","12","02:00","7.6","5.2"
"Turku lentoasema","2020","11","13","02:00","6.4","4.5"
"Turku lentoasema","2020","11","14","02:00","6.5","4.1"
"Turku lentoasema","2020","11","15","02:00","7","4.2"
"Turku lentoasema","2020","11","16","02:00","7.7","3.7"
"Turku lentoasema","2020","11","17","02:00","9.4","7.5"
"Turku lentoasema","2020","11","18","02:00","11","6.1"
"Turku lentoasema","2020","11","19","02:00","11.4","2.6"
"Turku lentoasema","2020","11","20","02:00","2.7","-2.2"
"Turku lentoasema","2020","11","21","02:00","7.1","-4.2"
"Turku lentoasema","2020","11","22","02:00","7.3","4"
"Turku lentoasema","2020","11","23","02:00","6.3","2.2"
"Turku lentoasema","2020","11","24","02:00","4.7","1.9"
"Turku lentoasema","2020","11","25","02:00","8.6","2.2"
"Turku lentoasema","2020","11","26","02:00","8.2","-0.8"
"Turku lentoasema","2020","11","27","02:00","1.9","-1.4"
"Turku lentoasema","2020","11","28","02:00","0.6","-2.4"
"Turku lentoasema","2020","11","29","02:00","1.2","-0.1"
"Turku lentoasema","2020","11","30","02:00","0.7","-2"
"Turku lentoasema","2020","12","1","02:00","4.5","-0.8"
"Turku lentoasema","2020","12","2","02:00","4.5","2.2"
"Turku lentoasema","2020","12","3","02:00","2.6","-1"
"Turku lentoasema","2020","12","4","02:00","1","-0.1"
"Turku lentoasema","2020","12","5","02:00","6.4","0.9"
"Turku lentoasema","2020","12","6","02:00","6.1","4.2"
"Turku lentoasema","2020","12","7","02:00","4.7","0.7"
"Turku lentoasema","2020","12","8","02:00","1","-2.4"
"Turku lentoasema","2020","12","9","02:00","-0.7","-2.6"
"Turku lentoasema","2020","12","10","02:00","-1","-2.8"
"Turku lentoasema","2020","12","11","02:00","-1.5","-4.3"
"Turku lentoasema","2020","12","12","02:00","1.7","-1.5"
"Turku lentoasema","2020","12","13","02:00","1","-3.3"
"Turku lentoasema","2020","12","14","02:00","-0.8","-2.9"
"Turku lentoasema","2020","12","15","02:00","4.1","-0.9"
"Turku lentoasema","2020","12","16","02:00","5.8","3.4"
"Turku lentoasema","2020","12","17","02:00","3.7","-0.5"
"Turku lentoasema","2020","12","18","02:00","4.9","-0.1"
"Turku lentoasema","2020","12","19","02:00","6.6","2.4"
"Turku lentoasema","2020","12","20","02:00","6.7","5.5"
"Turku lentoasema","2020","12","21","02:00","6.5","4.9"
"Turku lentoasema","2020","12","22","02:00","6.2","3.6"
"Turku lentoasema","2020","12","23","02:00","3.7","1"
"Turku lentoasema","2020","12","24","02:00","3.2","-1"
"Turku lentoasema","2020","12","25","02:00","0.6","-4.7"
"Turku lentoasema","2020","12","26","02:00","0.2","-3.3"
"Turku lentoasema","2020","12","27","02:00","3.2","-2"
"Turku lentoasema","2020","12","28","02:00","2.3","-0.6"
"Turku lentoasema","2020","12","29","02:00","1.1","0.3"
"Turku lentoasema","2020","12","30","02:00","3.9","0"
"Turku lentoasema","2020","12","31","02:00","3.8","1.3"
"Turku lentoasema","2021","1","1","02:00","3.1","0.6"
"Turku lentoasema","2021","1","2","02:00","2.2","-2.2"
"Turku lentoasema","2021","1","3","02:00","-1.6","-2.4"
"Turku lentoasema","2021","1","4","02:00","-1.6","-2.5"
"Turku lentoasema","2021","1","5","02:00","-2.2","-7.6"
"Turku lentoasema","2021","1","6","02:00","-3.9","-8"
"Turku lentoasema","2021","1","7","02:00","-1.5","-4.3"
"Turku lentoasema","2021","1","8","02:00","-2.5","-4.4"
"Turku lentoasema","2021","1","9","02:00","-4.3","-6.3"
"Turku lentoasema","2021","1","10","02:00","0.5","-6.2"
"Turku lentoasema","2021","1","11","02:00","0.7","-2.6"
"Turku lentoasema","2021","1","12","02:00","0.2","-0.9"
"Turku lentoasema","2021","1","13","02:00","-0.2","-7.7"
"Turku lentoasema","2021","1","14","02:00","-7.6","-18.3"
"Turku lentoasema","2021","1","15","02:00","-15.2","-25.3"
"Turku lentoasema","2021","1","16","02:00","-8.2","-18.3"
"Turku lentoasema","2021","1","17","02:00","-7.8","-20.4"
"Turku lentoasema","2021","1","18","02:00","-1.7","-10.1"
"Turku lentoasema","2021","1","19","02:00","0.5","-1.7"
"Turku lentoasema","2021","1","20","02:00","-0.1","-5.8"
"Turku lentoasema","2021","1","21","02:00","-2.3","-5.1"
"Turku lentoasema","2021","1","22","02:00","3.6","-2.3"
"Turku lentoasema","2021","1","23","02:00","4.6","1.8"
"Turku lentoasema","2021","1","24","02:00","1.8","0.2"
"Turku lentoasema","2021","1","25","02:00","1.2","0"
"Turku lentoasema","2021","1","26","02:00","1.5","-0.2"
"Turku lentoasema","2021","1","27","02:00","-0.2","-3.1"
"Turku lentoasema","2021","1","28","02:00","-2.1","-5.4"
"Turku lentoasema","2021","1","29","02:00","-5.4","-9"
"Turku lentoasema","2021","1","30","02:00","-4.8","-7.7"
"Turku lentoasema","2021","1","31","02:00","-6.4","-14.5"
"Turku lentoasema","2021","2","1","02:00","-3.2","-13.1"
"Turku lentoasema","2021","2","2","02:00","-3.5","-11.6"
"Turku lentoasema","2021","2","3","02:00","-5.2","-13.5"
"Turku lentoasema","2021","2","4","02:00","-7.9","-17"
"Turku lentoasema","2021","2","5","02:00","-9.5","-16.9"
"Turku lentoasema","2021","2","6","02:00","-5.1","-17.8"
"Turku lentoasema","2021","2","7","02:00","-5.5","-17"
"Turku lentoasema","2021","2","8","02:00","-5.8","-14.7"
"Turku lentoasema","2021","2","9","02:00","-9.8","-17.8"
"Turku lentoasema","2021","2","10","02:00","-10.4","-20.3"
"Turku lentoasema","2021","2","11","02:00","-10","-20.9"
"Turku lentoasema","2021","2","12","02:00","-5.2","-16.9"
"Turku lentoasema","2021","2","13","02:00","0","-10.3"
"Turku lentoasema","2021","2","14","02:00","-0.7","-8.5"
"Turku lentoasema","2021","2","15","02:00","-2.9","-14.5"
"Turku lentoasema","2021","2","16","02:00","-1.4","-9.1"
"Turku lentoasema","2021","2","17","02:00","-9.1","-20"
"Turku lentoasema","2021","2","18","02:00","-5.5","-23"
"Turku lentoasema","2021","2","19","02:00","-3.2","-5.6"
"Turku lentoasema","2021","2","20","02:00","2","-5.7"
"Turku lentoasema","2021","2","21","02:00","2.5","0.9"
"Turku lentoasema","2021","2","22","02:00","2","-7.1"
"Turku lentoasema","2021","2","23","02:00","0","-7.7"
"Turku lentoasema","2021","2","24","02:00","4.4","-1.3"
"Turku lentoasema","2021","2","25","02:00","6.1","2.8"
"Turku lentoasema","2021","2","26","02:00","5.4","0.9"
"Turku lentoasema","2021","2","27","02:00","5.4","-0.3"
"Turku lentoasema","2021","2","28","02:00","9.3","0"
"Turku lentoasema","2021","3","1","02:00","5","-1.2"
"Turku lentoasema","2021","3","2","02:00","5.7","-0.5"
"Turku lentoasema","2021","3","3","02:00","7.2","-3.6"
"Turku lentoasema","2021","3","4","02:00","3.4","-4.4"
"Turku lentoasema","2021","3","5","02:00","-0.3","-10.7"
"Turku lentoasema","2021","3","6","02:00","4.1","-7.9"
"Turku lentoasema","2021","3","7","02:00","1.1","-5.2"
"Turku lentoasema","2021","3","8","02:00","-0.9","-9.5"
"Turku lentoasema","2021","3","9","02:00","0.1","-8.7"
"Turku lentoasema","2021","3","10","02:00","-6.1","-16.1"
"Turku lentoasema","2021","3","11","02:00","-0.2","-12"
"Turku lentoasema","2021","3","12","02:00","-0.2","-2.8"
"Turku lentoasema","2021","3","13","02:00","4.6","-1"
"Turku lentoasema","2021","3","14","02:00","2.5","0.2"
"Turku lentoasema","2021","3","15","02:00","3.6","-0.3"
"Turku lentoasema","2021","3","16","02:00","5.2","-2"
"Turku lentoasema","2021","3","17","02:00","1.2","-2.6"
"Turku lentoasema","2021","3","18","02:00","0.5","-5"
"Turku lentoasema","2021","3","19","02:00","-1.4","-8.2"
"Turku lentoasema","2021","3","20","02:00","0.9","-8.2"
"Turku lentoasema","2021","3","21","02:00","3.8","0.3"
"Turku lentoasema","2021","3","22","02:00","4.3","-4.6"
"Turku lentoasema","2021","3","23","02:00","11.7","-1.4"
"Turku lentoasema","2021","3","24","02:00","5.6","1"
"Turku lentoasema","2021","3","25","02:00","7.9","0.4"
"Turku lentoasema","2021","3","26","02:00","9.4","-0.3"
"Turku lentoasema","2021","3","27","02:00","10.4","0.9"
"Turku lentoasema","2021","3","28","02:00","7.3","2.4"
"Turku lentoasema","2021","3","29","03:00","4.6","2.4"
"Turku lentoasema","2021","3","30","03:00","11.3","2.4"
"Turku lentoasema","2021","3","31","03:00","8.2","1.6"
"Turku lentoasema","2021","4","1","03:00","8.4","-3"
"Turku lentoasema","2021","4","2","03:00","7.4","-1"
"Turku lentoasema","2021","4","3","03:00","6.9","-0.5"
"Turku lentoasema","2021","4","4","03:00","8.8","0.5"
"Turku lentoasema","2021","4","5","03:00","4.8","-0.2"
"Turku lentoasema","2021","4","6","03:00","4.4","-1.5"
"Turku lentoasema","2021","4","7","03:00","4.2","0.3"
"Turku lentoasema","2021","4","8","03:00","5.5","-4.1"
"Turku lentoasema","2021","4","9","03:00","5.4","-1.4"
"Turku lentoasema","2021","4","10","03:00","6.4","0.2"
"Turku lentoasema","2021","4","11","03:00","10.1","-1.5"
"Turku lentoasema","2021","4","12","03:00","12","4.6"
"Turku lentoasema","2021","4","13","03:00","6.8","2.1"
"Turku lentoasema","2021","4","14","03:00","7.1","-0.1"
"Turku lentoasema","2021","4","15","03:00","11.6","-3"
"Turku lentoasema","2021","4","16","03:00","14.2","-1.2"
"Turku lentoasema","2021","4","17","03:00","17.9","2.7"
"Turku lentoasema","2021","4","18","03:00","17.8","0.8"
"Turku lentoasema","2021","4","19","03:00","16.3","-2.3"
"Turku lentoasema","2021","4","20","03:00","15.1","-2.4"
"Turku lentoasema","2021","4","21","03:00","14.1","-2.5"
"Turku lentoasema","2021","4","22","03:00","9.5","-0.1"
"Turku lentoasema","2021","4","23","03:00","6.5","0.3"
"Turku lentoasema","2021","4","24","03:00","4","0"
"Turku lentoasema","2021","4","25","03:00","6","0.2"
"Turku lentoasema","2021","4","26","03:00","4","-0.1"
"Turku lentoasema","2021","4","27","03:00","6.1","1.1"
"Turku lentoasema","2021","4","28","03:00","8.4","-2.3"
"Turku lentoasema","2021","4","29","03:00","9.1","-4"
"Turku lentoasema","2021","4","30","03:00","9.4","-5.3"
"Turku lentoasema","2021","5","1","03:00","9.3","-2.1"
"Turku lentoasema","2021","5","2","03:00","10.5","-4.9"
"Turku lentoasema","2021","5","3","03:00","10","0.3"
"Turku lentoasema","2021","5","4","03:00","13.3","1.1"
"Turku lentoasema","2021","5","5","03:00","8.4","1.6"
"Turku lentoasema","2021","5","6","03:00","8.8","1.1"
"Turku lentoasema","2021","5","7","03:00","5.3","2.5"
"Turku lentoasema","2021","5","8","03:00","11","0.1"
"Turku lentoasema","2021","5","9","03:00","10.2","-2.3"
"Turku lentoasema","2021","5","10","03:00","17.5","5.7"
"Turku lentoasema","2021","5","11","03:00","21.1","11.5"
"Turku lentoasema","2021","5","12","03:00","24.4","9.4"
"Turku lentoasema","2021","5","13","03:00","26.8","9"
"Turku lentoasema","2021","5","14","03:00","21.4","8.3"
"Turku lentoasema","2021","5","15","03:00","17.1","10.4"
"Turku lentoasema","2021","5","16","03:00","13.2","5"
"Turku lentoasema","2021","5","17","03:00","15.1","3.4"
"Turku lentoasema","2021","5","18","03:00","17.8","6.2"
"Turku lentoasema","2021","5","19","03:00","14.6","9"
"Turku lentoasema","2021","5","20","03:00","18.9","6.4"
"Turku lentoasema","2021","5","21","03:00","13.4","6.9"
"Turku lentoasema","2021","5","22","03:00","15.4","5.4"
"Turku lentoasema","2021","5","23","03:00","15.7","6.7"
"Turku lentoasema","2021","5","24","03:00","16.2","2.9"
"Turku lentoasema","2021","5","25","03:00","17.2","2.1"
"Turku lentoasema","2021","5","26","03:00","14.7","7.6"
"Turku lentoasema","2021","5","27","03:00","13.6","7.7"
"Turku lentoasema","2021","5","28","03:00","13.3","6.6"
"Turku lentoasema","2021","5","29","03:00","16.1","3.6"
"Turku lentoasema","2021","5","30","03:00","19.6","2.8"
"Turku lentoasema","2021","5","31","03:00","20.4","7.7"
"Turku lentoasema","2021","6","1","03:00","19.9","8"
"Turku lentoasema","2021","6","2","03:00","22.6","5.8"
"Turku lentoasema","2021","6","3","03:00","23.9","8.9"
"Turku lentoasema","2021","6","4","03:00","23.7","7.4"
"Turku lentoasema","2021","6","5","03:00","23.9","8.8"
"Turku lentoasema","2021","6","6","03:00","25.9","8.7"
"Turku lentoasema","2021","6","7","03:00","26.3","8.9"
"Turku lentoasema","2021","6","8","03:00","25.2","11.6"
"Turku lentoasema","2021","6","9","03:00","24.3","9.1"
"Turku lentoasema","2021","6","10","03:00","23.7","10.6"
"Turku lentoasema","2021","6","11","03:00","24.7","8.9"
"Turku lentoasema","2021","6","12","03:00","20.8","14.8"
"Turku lentoasema","2021","6","13","03:00","16.4","12"
"Turku lentoasema","2021","6","14","03:00","19.4","6"
"Turku lentoasema","2021","6","15","03:00","18.9","12"
"Turku lentoasema","2021","6","16","03:00","19.8","8.3"
"Turku lentoasema","2021","6","17","03:00","22","11.8"
"Turku lentoasema","2021","6","18","03:00","25.5","11.9"
"Turku lentoasema","2021","6","19","03:00","27.9","16.1"
"Turku lentoasema","2021","6","20","03:00","28.5","18.7"
"Turku lentoasema","2021","6","21","03:00","28.8","19"
"Turku lentoasema","2021","6","22","03:00","31.6","19.1"
"Turku lentoasema","2021","6","23","03:00","26.9","16.3"
"Turku lentoasema","2021","6","24","03:00","21.9","13.2"
"Turku lentoasema","2021","6","25","03:00","26.3","11.9"
"Turku lentoasema","2021","6","26","03:00","26.8","15.4"
"Turku lentoasema","2021","6","27","03:00","25.2","13.8"
"Turku lentoasema","2021","6","28","03:00","26.1","10.6"
"Turku lentoasema","2021","6","29","03:00","26.9","10.4"
"Turku lentoasema","2021","6","30","03:00","23.2","13.4"
"Turku lentoasema","2021","7","1","03:00","26.5","15.1"
"Turku lentoasema","2021","7","2","03:00","26.6","12.2"
"Turku lentoasema","2021","7","3","03:00","28.5","11.3"
"Turku lentoasema","2021","7","4","03:00","29","12.6"
"Turku lentoasema","2021","7","5","03:00","29.6","13.3"
"Turku lentoasema","2021","7","6","03:00","28.2","18"
"Turku lentoasema","2021","7","7","03:00","28.4","18.9"
"Turku lentoasema","2021","7","8","03:00","25.9","16.9"
"Turku lentoasema","2021","7","9","03:00","26.8","11.2"
"Turku lentoasema","2021","7","10","03:00","32","16.9"
"Turku lentoasema","2021","7","11","03:00","26.4","21"
"Turku lentoasema","2021","7","12","03:00","27.1","14.7"
"Turku lentoasema","2021","7","13","03:00","30.1","12.4"
"Turku lentoasema","2021","7","14","03:00","32.5","14.9"
"Turku lentoasema","2021","7","15","03:00","31.1","16.6"
"Turku lentoasema","2021","7","16","03:00","26.4","18.7"
"Turku lentoasema","2021","7","17","03:00","26.1","8.6"
"Turku lentoasema","2021","7","18","03:00","24.3","18.3"
"Turku lentoasema","2021","7","19","03:00","19.3","10.9"
"Turku lentoasema","2021","7","20","03:00","21.2","7.7"
"Turku lentoasema","2021","7","21","03:00","19.3","8.4"
"Turku lentoasema","2021","7","22","03:00","23.3","9.6"
"Turku lentoasema","2021","7","23","03:00","20.4","11.2"
"Turku lentoasema","2021","7","24","03:00","23.7","6.3"
"Turku lentoasema","2021","7","25","03:00","27.2","9.1"
"Turku lentoasema","2021","7","26","03:00","29.3","11.2"
"Turku lentoasema","2021","7","27","03:00","31.5","12.9"
"Turku lentoasema","2021","7","28","03:00","27.6","17.3"
"Turku lentoasema","2021","7","29","03:00","24.1","16.6"
"Turku lentoasema","2021","7","30","03:00","20.7","14.7"
"Turku lentoasema","2021","7","31","03:00","23","10.5"
"Turku lentoasema","2021","8","1","03:00","22.9","15.1"
"Turku lentoasema","2021","8","2","03:00","22.3","12.3"
"Turku lentoasema","2021","8","3","03:00","19.5","11.6"
"Turku lentoasema","2021","8","4","03:00","20.5","8.6"
"Turku lentoasema","2021","8","5","03:00","19.6","5.5"
"Turku lentoasema","2021","8","6","03:00","23.9","7.2"
"Turku lentoasema","2021","8","7","03:00","19.9","13.3"
"Turku lentoasema","2021","8","8","03:00","20.3","15.3"
"Turku lentoasema","2021","8","9","03:00","22.7","15.6"
"Turku lentoasema","2021","8","10","03:00","22","16.7"
"Turku lentoasema","2021","8","11","03:00","23.1","13.3"
"Turku lentoasema","2021","8","12","03:00","24.2","8.7"
"Turku lentoasema","2021","8","13","03:00","24.1","10.2"
"Turku lentoasema","2021","8","14","03:00","20.4","15.4"
"Turku lentoasema","2021","8","15","03:00","17.9","13"
"Turku lentoasema","2021","8","16","03:00","19.8","13.1"
"Turku lentoasema","2021","8","17","03:00","20.3","14.6"
"Turku lentoasema","2021","8","18","03:00","17.7","13.4"
"Turku lentoasema","2021","8","19","03:00","16.9","12.7"
"Turku lentoasema","2021","8","20","03:00","18","11.8"
"Turku lentoasema","2021","8","21","03:00","17.6","8.2"
"Turku lentoasema","2021","8","22","03:00","16.7","8.4"
"Turku lentoasema","2021","8","23","03:00","15.6","6.3"
"Turku lentoasema","2021","8","24","03:00","16.3","4.8"
"Turku lentoasema","2021","8","25","03:00","17","7.2"
"Turku lentoasema","2021","8","26","03:00","15.6","10.4"
"Turku lentoasema","2021","8","27","03:00","14.8","12.3"
"Turku lentoasema","2021","8","28","03:00","20.4","13.1"
"Turku lentoasema","2021","8","29","03:00","21.8","12.2"
"Turku lentoasema","2021","8","30","03:00","21.3","7.4"
"Turku lentoasema","2021","8","31","03:00","20.6","6.3"
"Turku lentoasema","2021","9","1","03:00","14.9","9.5"
"Turku lentoasema","2021","9","2","03:00","13.8","5"
"Turku lentoasema","2021","9","3","03:00","14.4","8.1"
"Turku lentoasema","2021","9","4","03:00","13.1","2.8"
"Turku lentoasema","2021","9","5","03:00","14","-0.8"
"Turku lentoasema","2021","9","6","03:00","17.7","8.9"
"Turku lentoasema","2021","9","7","03:00","15.8","2.5"
"Turku lentoasema","2021","9","8","03:00","17.7","11.3"
"Turku lentoasema","2021","9","9","03:00","20.9","10.4"
"Turku lentoasema","2021","9","10","03:00","19.3","10.6"
"Turku lentoasema","2021","9","11","03:00","17.5","10.9"
"Turku lentoasema","2021","9","12","03:00","15.8","11.6"
"Turku lentoasema","2021","9","13","03:00","14.5","8.6"
"Turku lentoasema","2021","9","14","03:00","12.3","4.9"
"Turku lentoasema","2021","9","15","03:00","11.8","3"
"Turku lentoasema","2021","9","16","03:00","10.7","2.7"
"Turku lentoasema","2021","9","17","03:00","12.4","3.9"
"Turku lentoasema","2021","9","18","03:00","12.1","5.2"
"Turku lentoasema","2021","9","19","03:00","11.3","5.4"
"Turku lentoasema","2021","9","20","03:00","11","2.6"
"Turku lentoasema","2021","9","21","03:00","11","-3.1"
"Turku lentoasema","2021","9","22","03:00","11.6","-2.4"
"Turku lentoasema","2021","9","23","03:00","10.7","6.9"
"Turku lentoasema","2021","9","24","03:00","8.7","7.6"
"Turku lentoasema","2021","9","25","03:00","14.5","6.7"
"Turku lentoasema","2021","9","26","03:00","16.2","2.8"
"Turku lentoasema","2021","9","27","03:00","15.6","1.4"
"Turku lentoasema","2021","9","28","03:00","14.2","4.6"
"Turku lentoasema","2021","9","29","03:00","11.2","3.5"
"Turku lentoasema","2021","9","30","03:00","11","8.7"
"Turku lentoasema","2021","10","1","03:00","13.3","8.1"
"Turku lentoasema","2021","10","2","03:00","12.4","8.5"
"Turku lentoasema","2021","10","3","03:00","13.4","7.1"
"Turku lentoasema","2021","10","4","03:00","13.8","10.6"
"Turku lentoasema","2021","10","5","03:00","12.8","10.2"
"Turku lentoasema","2021","10","6","03:00","13.3","9.7"
"Turku lentoasema","2021","10","7","03:00","14","11.2"
"Turku lentoasema","2021","10","8","03:00","12","10.5"
"Turku lentoasema","2021","10","9","03:00","12.4","11.2"
"Turku lentoasema","2021","10","10","03:00","11.8","10.6"
"Turku lentoasema","2021","10","11","03:00","12.1","8.1"
"Turku lentoasema","2021","10","12","03:00","10.9","2.8"
"Turku lentoasema","2021","10","13","03:00","7.9","2.3"
"Turku lentoasema","2021","10","14","03:00","9.8","-1.7"
"Turku lentoasema","2021","10","15","03:00","11.1","4.1"
"Turku lentoasema","2021","10","16","03:00","8.9","2.9"
"Turku lentoasema","2021","10","17","03:00","8.4","1.3"
"Turku lentoasema","2021","10","18","03:00","7.1","1.7"
"Turku lentoasema","2021","10","19","03:00","5.5","-3.9"
"Turku lentoasema","2021","10","20","03:00","12.8","3.7"
"Turku lentoasema","2021","10","21","03:00","12.9","9.3"
"Turku lentoasema","2021","10","22","03:00","10","3.6"
"Turku lentoasema","2021","10","23","03:00","3.7","-0.9"
"Turku lentoasema","2021","10","24","03:00","8.3","-3.3"
"Turku lentoasema","2021","10","25","03:00","9.8","7.6"
"Turku lentoasema","2021","10","26","03:00","9","7.4"
"Turku lentoasema","2021","10","27","03:00","9.3","2.3"
"Turku lentoasema","2021","10","28","03:00","11.5","2.6"
"Turku lentoasema","2021","10","29","03:00","11.6","9.3"
"Turku lentoasema","2021","10","30","03:00","10","7.8"
"Turku lentoasema","2021","10","31","03:00","10.5","7.6"
"Turku lentoasema","2021","11","1","02:00","12.8","5.3"
"Turku lentoasema","2021","11","2","02:00","9.3","4.1"
"Turku lentoasema","2021","11","3","02:00","7.9","6"
"Turku lentoasema","2021","11","4","02:00","8.5","6.4"
"Turku lentoasema","2021","11","5","02:00","6.9","4"
"Turku lentoasema","2021","11","6","02:00","6.4","0.8"
"Turku lentoasema","2021","11","7","02:00","4","-2"
"Turku lentoasema","2021","11","8","02:00","1.8","-4"
"Turku lentoasema","2021","11","9","02:00","5.8","-8.6"
"Turku lentoasema","2021","11","10","02:00","9.9","5.6"
"Turku lentoasema","2021","11","11","02:00","8.6","0.5"
"Turku lentoasema","2021","11","12","02:00","7","4"
"Turku lentoasema","2021","11","13","02:00","5","-1.6"
"Turku lentoasema","2021","11","14","02:00","3.4","-3.6"
"Turku lentoasema","2021","11","15","02:00","6.1","-6.8"
"Turku lentoasema","2021","11","16","02:00","6.1","4.3"
"Turku lentoasema","2021","11","17","02:00","6.4","4.9"
"Turku lentoasema","2021","11","18","02:00","6.2","-0.6"
"Turku lentoasema","2021","11","19","02:00","6.2","-1.7"
"Turku lentoasema","2021","11","20","02:00","6.6","2"
"Turku lentoasema","2021","11","21","02:00","2.8","-2.8"
"Turku lentoasema","2021","11","22","02:00","0.9","-8.5"
"Turku lentoasema","2021","11","23","02:00","2.6","-3.5"
"Turku lentoasema","2021","11","24","02:00","5.6","-1.2"
"Turku lentoasema","2021","11","25","02:00","6.1","-0.5"
"Turku lentoasema","2021","11","26","02:00","2.5","-6.6"
"Turku lentoasema","2021","11","27","02:00","-6.2","-10"
"Turku lentoasema","2021","11","28","02:00","-6.6","-9.1"
"Turku lentoasema","2021","11","29","02:00","-5.8","-9.4"
"Turku lentoasema","2021","11","30","02:00","-7","-13.9"
"Turku lentoasema","2021","12","1","02:00","-5","-13.4"
"Turku lentoasema","2021","12","2","02:00","-6","-9.2"
"Turku lentoasema","2021","12","3","02:00","-7.3","-13.3"
"Turku lentoasema","2021","12","4","02:00","-5.5","-13.7"
"Turku lentoasema","2021","12","5","02:00","-13","-17.8"
"Turku lentoasema","2021","12","6","02:00","-12.4","-19.4"
"Turku lentoasema","2021","12","7","02:00","-16","-22"
"Turku lentoasema","2021","12","8","02:00","-12","-21.4"
"Turku lentoasema","2021","12","9","02:00","-4.6","-12"
"Turku lentoasema","2021","12","10","02:00","-0.8","-5.7"
"Turku lentoasema","2021","12","11","02:00","0.4","-1.7"
"Turku lentoasema","2021","12","12","02:00","1","-1.8"
"Turku lentoasema","2021","12","13","02:00","1.6","-3.3"
"Turku lentoasema","2021","12","14","02:00","4.5","1.2"
"Turku lentoasema","2021","12","15","02:00","4.6","-0.2"
"Turku lentoasema","2021","12","16","02:00","4.6","1.8"
"Turku lentoasema","2021","12","17","02:00","3.6","-1.7"
"Turku lentoasema","2021","12","18","02:00","7","-2.5"
"Turku lentoasema","2021","12","19","02:00","6.6","-0.3"
"Turku lentoasema","2021","12","20","02:00","0.1","-11"
"Turku lentoasema","2021","12","21","02:00","-6.9","-15"
"Turku lentoasema","2021","12","22","02:00","-11.3","-18.2"
"Turku lentoasema","2021","12","23","02:00","-1.1","-13.4"
"Turku lentoasema","2021","12","24","02:00","-1.6","-17.5"
"Turku lentoasema","2021","12","25","02:00","-4.7","-16.5"
"Turku lentoasema","2021","12","26","02:00","-6","-20.8"
"Turku lentoasema","2021","12","27","02:00","-7.2","-15.1"
"Turku lentoasema","2021","12","28","02:00","-1.8","-9.6"
"Turku lentoasema","2021","12","29","02:00","-1.4","-3.4"
"Turku lentoasema","2021","12","30","02:00","2.4","-1.9"
"Turku lentoasema","2021","12","31","02:00","3.1","-3.7"
"Turku lentoasema","2022","1","1","02:00","-0.3","-12.4"
"Turku lentoasema","2022","1","2","02:00","-1.1","-13.3"
"Turku lentoasema","2022","1","3","02:00","0.2","-1.1"
"Turku lentoasema","2022","1","4","02:00","2.8","-1.4"
"Turku lentoasema","2022","1","5","02:00","0","-4.7"
"Turku lentoasema","2022","1","6","02:00","-0.2","-9.1"
"Turku lentoasema","2022","1","7","02:00","-3.8","-11.1"
"Turku lentoasema","2022","1","8","02:00","-4.7","-15.8"
"Turku lentoasema","2022","1","9","02:00","-3.8","-6.1"
"Turku lentoasema","2022","1","10","02:00","-5.9","-15.8"
"Turku lentoasema","2022","1","11","02:00","-0.7","-19.4"
"Turku lentoasema","2022","1","12","02:00","1.4","-0.8"
"Turku lentoasema","2022","1","13","02:00","7.9","1.3"
"Turku lentoasema","2022","1","14","02:00","6.1","0.8"
"Turku lentoasema","2022","1","15","02:00","3.5","-3.5"
"Turku lentoasema","2022","1","16","02:00","3.3","-3.5"
"Turku lentoasema","2022","1","17","02:00","1.1","-2.7"
"Turku lentoasema","2022","1","18","02:00","0","-8.6"
"Turku lentoasema","2022","1","19","02:00","3.7","-4"
"Turku lentoasema","2022","1","20","02:00","3.3","-3.4"
"Turku lentoasema","2022","1","21","02:00","-1","-3.7"
"Turku lentoasema","2022","1","22","02:00","-3.6","-10.3"
"Turku lentoasema","2022","1","23","02:00","0.9","-8.6"
"Turku lentoasema","2022","1","24","02:00","2.7","-0.7"
"Turku lentoasema","2022","1","25","02:00","0.9","-5.1"
"Turku lentoasema","2022","1","26","02:00","1.6","-7"
"Turku lentoasema","2022","1","27","02:00","1.7","-0.6"
"Turku lentoasema","2022","1","28","02:00","0.6","-3.8"
"Turku lentoasema","2022","1","29","02:00","1.5","-8.6"
"Turku lentoasema","2022","1","30","02:00","0.4","-3.8"
"Turku lentoasema","2022","1","31","02:00","-3.8","-8.3"
"Turku lentoasema","2022","2","1","02:00","-8.3","-15.7"
"Turku lentoasema","2022","2","2","02:00","-7.3","-15.2"
"Turku lentoasema","2022","2","3","02:00","-8.2","-15.5"
"Turku lentoasema","2022","2","4","02:00","0.2","-16"
"Turku lentoasema","2022","2","5","02:00","1","-0.8"
"Turku lentoasema","2022","2","6","02:00","2.2","-2.8"
"Turku lentoasema","2022","2","7","02:00","0.3","-7.1"
"Turku lentoasema","2022","2","8","02:00","0.6","-6.1"
"Turku lentoasema","2022","2","9","02:00","2.1","-6.8"
"Turku lentoasema","2022","2","10","02:00","2","-3.1"
"Turku lentoasema","2022","2","11","02:00","1.1","-6.3"
"Turku lentoasema","2022","2","12","02:00","1.6","-6.1"
"Turku lentoasema","2022","2","13","02:00","2.2","0.1"
"Turku lentoasema","2022","2","14","02:00","2.6","0.3"
"Turku lentoasema","2022","2","15","02:00","2.8","0.1"
"Turku lentoasema","2022","2","16","02:00","3","0.6"
"Turku lentoasema","2022","2","17","02:00","1.8","0.3"
"Turku lentoasema","2022","2","18","02:00","0.5","-2.6"
"Turku lentoasema","2022","2","19","02:00","-1","-6.3"
"Turku lentoasema","2022","2","20","02:00","0.8","-6.2"
"Turku lentoasema","2022","2","21","02:00","-0.7","-8.1"
"Turku lentoasema","2022","2","22","02:00","-1.3","-7.3"
"Turku lentoasema","2022","2","23","02:00","-1.3","-12.3"
"Turku lentoasema","2022","2","24","02:00","4.4","-1.5"
"Turku lentoasema","2022","2","25","02:00","2.9","0.1"
"Turku lentoasema","2022","2","26","02:00","1.3","-5.7"
"Turku lentoasema","2022","2","27","02:00","4.1","-7.3"
"Turku lentoasema","2022","2","28","02:00","4.1","-4.9"
"Turku lentoasema","2022","3","1","02:00","4.3","-0.6"
"Turku lentoasema","2022","3","2","02:00","3.5","-1.7"
"Turku lentoasema","2022","3","3","02:00","4","-1.8"
"Turku lentoasema","2022","3","4","02:00","3.6","-7.4"
"Turku lentoasema","2022","3","5","02:00","2.7","-9.4"
"Turku lentoasema","2022","3","6","02:00","3.3","-3.9"
"Turku lentoasema","2022","3","7","02:00","3.1","-1.4"
"Turku lentoasema","2022","3","8","02:00","5.7","-1.5"
"Turku lentoasema","2022","3","9","02:00","2.4","-2.7"
"Turku lentoasema","2022","3","10","02:00","1.9","-2.6"
"Turku lentoasema","2022","3","11","02:00","2.4","-1.7"
"Turku lentoasema","2022","3","12","02:00","7.2","-6.4"
"Turku lentoasema","2022","3","13","02:00","9.2","-6.7"
"Turku lentoasema","2022","3","14","02:00","9.3","-6.6"
"Turku lentoasema","2022","3","15","02:00","8.3","-4.9"
"Turku lentoasema","2022","3","16","02:00","9.3","-5.4"
"Turku lentoasema","2022","3","17","02:00","8.9","-3.9"
"Turku lentoasema","2022","3","18","02:00","3.7","0.1"
"Turku lentoasema","2022","3","19","02:00","7.4","-2.5"
"Turku lentoasema","2022","3","20","02:00","12.5","-2.8"
"Turku lentoasema","2022","3","21","02:00","9.7","-3.7"
"Turku lentoasema","2022","3","22","02:00","7.9","-4.3"
"Turku lentoasema","2022","3","23","02:00","6.8","-2.9"
"Turku lentoasema","2022","3","24","02:00","11.4","-2"
"Turku lentoasema","2022","3","25","02:00","9","2.2"
"Turku lentoasema","2022","3","26","02:00","6.6","-1.5"
"Turku lentoasema","2022","3","27","02:00","1.4","-4.2"
"Turku lentoasema","2022","3","28","03:00","7.1","0"
"Turku lentoasema","2022","3","29","03:00","0","-4.5"
"Turku lentoasema","2022","3","30","03:00","1.2","-7.5"
"Turku lentoasema","2022","3","31","03:00","2.9","-9.3"
"Turku lentoasema","2022","4","1","03:00","1.9","-9.9"
"Turku lentoasema","2022","4","2","03:00","2.9","-10.1"
"Turku lentoasema","2022","4","3","03:00","4.8","-5.1"
"Turku lentoasema","2022","4","4","03:00","2.7","-0.6"
"Turku lentoasema","2022","4","5","03:00","0.2","-3.7"
"Turku lentoasema","2022","4","6","03:00","2.1","-7.4"
"Turku lentoasema","2022","4","7","03:00","2.6","-5.3"
"Turku lentoasema","2022","4","8","03:00","5","0.2"
"Turku lentoasema","2022","4","9","03:00","3.1","-0.8"
"Turku lentoasema","2022","4","10","03:00","3.9","-1.2"
"Turku lentoasema","2022","4","11","03:00","7.3","1.4"
"Turku lentoasema","2022","4","12","03:00","9.1","-1.9"
"Turku lentoasema","2022","4","13","03:00","9.7","-4.1"
"Turku lentoasema","2022","4","14","03:00","4.9","1.3"
"Turku lentoasema","2022","4","15","03:00","9.2","-0.5"
"Turku lentoasema","2022","4","16","03:00","10","-2.4"
"Turku lentoasema","2022","4","17","03:00","10.4","-3.3"
"Turku lentoasema","2022","4","18","03:00","13.9","-2.5"
"Turku lentoasema","2022","4","19","03:00","16.2","-1.9"
"Turku lentoasema","2022","4","20","03:00","15.9","-1.3"
"Turku lentoasema","2022","4","21","03:00","16.5","2.6"
"Turku lentoasema","2022","4","22","03:00","16.5","-1.7"
"Turku lentoasema","2022","4","23","03:00","12.9","4.2"
"Turku lentoasema","2022","4","24","03:00","11.9","2.2"
"Turku lentoasema","2022","4","25","03:00","13.9","-0.2"
"Turku lentoasema","2022","4","26","03:00","9.9","1.2"
"Turku lentoasema","2022","4","27","03:00","7","-4.3"
"Turku lentoasema","2022","4","28","03:00","8.6","-5.5"
"Turku lentoasema","2022","4","29","03:00","8.1","-1.9"
"Turku lentoasema","2022","4","30","03:00","10.6","-4.8"
"Turku lentoasema","2022","5","1","03:00","11.7","2.9"
"Turku lentoasema","2022","5","2","03:00","13","1"
"Turku lentoasema","2022","5","3","03:00","9.2","0.9"
"Turku lentoasema","2022","5","4","03:00","9.6","-2.4"
"Turku lentoasema","2022","5","5","03:00","13.8","4"
"Turku lentoasema","2022","5","6","03:00","15.9","2.6"
"Turku lentoasema","2022","5","7","03:00","11.6","5.3"
"Turku lentoasema","2022","5","8","03:00","8.9","0"
"Turku lentoasema","2022","5","9","03:00","14.6","-0.9"
"Turku lentoasema","2022","5","10","03:00","14.6","4.9"
"Turku lentoasema","2022","5","11","03:00","14.3","6.8"
"Turku lentoasema","2022","5","12","03:00","13.2","7.2"
"Turku lentoasema","2022","5","13","03:00","15.3","2.2"
"Turku lentoasema","2022","5","14","03:00","15.6","3.6"
"Turku lentoasema","2022","5","15","03:00","12.5","3.4"
"Turku lentoasema","2022","5","16","03:00","12.7","4.2"
"Turku lentoasema","2022","5","17","03:00","11.1","2.5"
"Turku lentoasema","2022","5","18","03:00","18","0.2"
"Turku lentoasema","2022","5","19","03:00","20.1","7.9"
"Turku lentoasema","2022","5","20","03:00","15.1","7"
"Turku lentoasema","2022","5","21","03:00","17.3","-1.3"
"Turku lentoasema","2022","5","22","03:00","16.6","1.3"
"Turku lentoasema","2022","5","23","03:00","18.4","1.8"
"Turku lentoasema","2022","5","24","03:00","19.6","-0.6"
"Turku lentoasema","2022","5","25","03:00","19.3","8.1"
"Turku lentoasema","2022","5","26","03:00","18.2","8.1"
"Turku lentoasema","2022","5","27","03:00","15.4","5.5"
"Turku lentoasema","2022","5","28","03:00","14","5.9"
"Turku lentoasema","2022","5","29","03:00","16.4","6.4"
"Turku lentoasema","2022","5","30","03:00","19.5","8.1"
"Turku lentoasema","2022","5","31","03:00","15.5","8.3"
"Turku lentoasema","2022","6","1","03:00","17.3","9.5"
"Turku lentoasema","2022","6","2","03:00","15.4","10.9"
"Turku lentoasema","2022","6","3","03:00","18","9.6"
"Turku lentoasema","2022","6","4","03:00","19.2","9.4"
"Turku lentoasema","2022","6","5","03:00","20.9","8.2"
"Turku lentoasema","2022","6","6","03:00","20","3.5"
"Turku lentoasema","2022","6","7","03:00","23.3","4.1"
"Turku lentoasema","2022","6","8","03:00","20.2","10.7"
"Turku lentoasema","2022","6","9","03:00","20","11.2"
"Turku lentoasema","2022","6","10","03:00","22.6","7.4"
"Turku lentoasema","2022","6","11","03:00","21.1","13"
"Turku lentoasema","2022","6","12","03:00","20.4","13"
"Turku lentoasema","2022","6","13","03:00","18.8","12.2"
"Turku lentoasema","2022","6","14","03:00","19.3","7.9"
"Turku lentoasema","2022","6","15","03:00","18.4","9.6"
"Turku lentoasema","2022","6","16","03:00","20.1","8.5"
"Turku lentoasema","2022","6","17","03:00","22.7","8.5"
"Turku lentoasema","2022","6","18","03:00","17.6","10.7"
"Turku lentoasema","2022","6","19","03:00","17.4","9.9"
"Turku lentoasema","2022","6","20","03:00","19.4","11.1"
"Turku lentoasema","2022","6","21","03:00","22.4","7"
"Turku lentoasema","2022","6","22","03:00","20.4","9"
"Turku lentoasema","2022","6","23","03:00","21.6","13.4"
"Turku lentoasema","2022","6","24","03:00","25.1","13.9"
"Turku lentoasema","2022","6","25","03:00","27.8","9.8"
"Turku lentoasema","2022","6","26","03:00","30.1","12.6"
"Turku lentoasema","2022","6","27","03:00","31.2","14"
"Turku lentoasema","2022","6","28","03:00","31.7","15.2"
"Turku lentoasema","2022","6","29","03:00","30.5","18.3"
"Turku lentoasema","2022","6","30","03:00","31.1","15.8"
"Turku lentoasema","2022","7","1","03:00","29.1","17.9"
"Turku lentoasema","2022","7","2","03:00","27.9","19.5"
"Turku lentoasema","2022","7","3","03:00","25.4","14"
"Turku lentoasema","2022","7","4","03:00","24.8","10.2"
"Turku lentoasema","2022","7","5","03:00","22.2","15.5"
"Turku lentoasema","2022","7","6","03:00","21.1","11"
"Turku lentoasema","2022","7","7","03:00","20.6","9.4"
"Turku lentoasema","2022","7","8","03:00","21.4","7.3"
"Turku lentoasema","2022","7","9","03:00","18.6","6.7"
"Turku lentoasema","2022","7","10","03:00","20.1","6.1"
"Turku lentoasema","2022","7","11","03:00","21.6","9.8"
"Turku lentoasema","2022","7","12","03:00","24.6","12.7"
"Turku lentoasema","2022","7","13","03:00","25","16.9"
"Turku lentoasema","2022","7","14","03:00","19.6","12.9"
"Turku lentoasema","2022","7","15","03:00","17.5","9.1"
"Turku lentoasema","2022","7","16","03:00","15.7","11"
"Turku lentoasema","2022","7","17","03:00","15.1","11.7"
"Turku lentoasema","2022","7","18","03:00","21","6.8"
"Turku lentoasema","2022","7","19","03:00","22.3","10.1"
"Turku lentoasema","2022","7","20","03:00","23.7","9.5"
"Turku lentoasema","2022","7","21","03:00","27.6","13"
"Turku lentoasema","2022","7","22","03:00","28.1","17.7"
"Turku lentoasema","2022","7","23","03:00","23.4","16.4"
"Turku lentoasema","2022","7","24","03:00","22.8","14.9"
"Turku lentoasema","2022","7","25","03:00","23.8","8.2"
"Turku lentoasema","2022","7","26","03:00","21","17.5"
"Turku lentoasema","2022","7","27","03:00","18.2","14.3"
"Turku lentoasema","2022","7","28","03:00","18.8","13"
"Turku lentoasema","2022","7","29","03:00","18.9","9.5"
"Turku lentoasema","2022","7","30","03:00","20.3","8.8"
"Turku lentoasema","2022","7","31","03:00","24.9","9.6"
"Turku lentoasema","2022","8","1","03:00","23.6","9.1"
"Turku lentoasema","2022","8","2","03:00","20.5","8.9"
"Turku lentoasema","2022","8","3","03:00","22","8.4"
"Turku lentoasema","2022","8","4","03:00","24.8","18.4"
"Turku lentoasema","2022","8","5","03:00","26","18.9"
"Turku lentoasema","2022","8","6","03:00","20.6","12.9"
"Turku lentoasema","2022","8","7","03:00","20.9","10.2"
"Turku lentoasema","2022","8","8","03:00","20.5","8.3"
"Turku lentoasema","2022","8","9","03:00","22.8","6.3"
"Turku lentoasema","2022","8","10","03:00","22.5","8.6"
"Turku lentoasema","2022","8","11","03:00","23.4","16.7"
"Turku lentoasema","2022","8","12","03:00","26.4","13.2"
"Turku lentoasema","2022","8","13","03:00","27","7.9"
"Turku lentoasema","2022","8","14","03:00","27.4","10.2"
"Turku lentoasema","2022","8","15","03:00","28.8","12.1"
"Turku lentoasema","2022","8","16","03:00","30.4","19.1"
"Turku lentoasema","2022","8","17","03:00","26.4","19.5"
"Turku lentoasema","2022","8","18","03:00","28","15.1"
"Turku lentoasema","2022","8","19","03:00","28.4","17.5"
"Turku lentoasema","2022","8","20","03:00","27.1","19"
"Turku lentoasema","2022","8","21","03:00","23.2","18.4"
"Turku lentoasema","2022","8","22","03:00","22.2","14.8"
"Turku lentoasema","2022","8","23","03:00","22.6","8.2"
"Turku lentoasema","2022","8","24","03:00","18.2","14.2"
"Turku lentoasema","2022","8","25","03:00","21.9","11.5"
"Turku lentoasema","2022","8","26","03:00","18.4","8.1"
"Turku lentoasema","2022","8","27","03:00","24.7","11.4"
"Turku lentoasema","2022","8","28","03:00","21.3","14.6"
"Turku lentoasema","2022","8","29","03:00","18.9","11.8"
"Turku lentoasema","2022","8","30","03:00","19.5","9.2"
"Turku lentoasema","2022","8","31","03:00","13.4","5.6"
"Turku lentoasema","2022","9","1","03:00","14.4","4"
"Turku lentoasema","2022","9","2","03:00","14.6","2.7"
"Turku lentoasema","2022","9","3","03:00","13.6","0.4"
"Turku lentoasema","2022","9","4","03:00","13.7","1.1"
"Turku lentoasema","2022","9","5","03:00","12.4","3.1"
"Turku lentoasema","2022","9","6","03:00","17.8","0"
"Turku lentoasema","2022","9","7","03:00","14.4","4.9"
"Turku lentoasema","2022","9","8","03:00","14.8","0.9"
"Turku lentoasema","2022","9","9","03:00","15.6","1.3"
"Turku lentoasema","2022","9","10","03:00","17","1"
"Turku lentoasema","2022","9","11","03:00","18.3","7.9"
"Turku lentoasema","2022","9","12","03:00","18.1","2.5"
"Turku lentoasema","2022","9","13","03:00","15","5.1"
"Turku lentoasema","2022","9","14","03:00","15.2","11.4"
"Turku lentoasema","2022","9","15","03:00","16.4","9.2"
"Turku lentoasema","2022","9","16","03:00","15.5","4.8"
"Turku lentoasema","2022","9","17","03:00","14.2","8.2"
"Turku lentoasema","2022","9","18","03:00","13.9","5.9"
"Turku lentoasema","2022","9","19","03:00","14.8","5.5"
"Turku lentoasema","2022","9","20","03:00","12.3","8.2"
"Turku lentoasema","2022","9","21","03:00","9.4","6"
"Turku lentoasema","2022","9","22","03:00","14.4","2.2"
"Turku lentoasema","2022","9","23","03:00","14.2","2.2"
"Turku lentoasema","2022","9","24","03:00","15.2","3.1"
"Turku lentoasema","2022","9","25","03:00","15.3","0.9"
"Turku lentoasema","2022","9","26","03:00","14.6","6.4"
"Turku lentoasema","2022","9","27","03:00","12.4","8.8"
"Turku lentoasema","2022","9","28","03:00","12.6","3.8"
"Turku lentoasema","2022","9","29","03:00","8.8","5.2"
"Turku lentoasema","2022","9","30","03:00","10.2","3.6"
"Turku lentoasema","2022","10","1","03:00","13.7","3.2"
"Turku lentoasema","2022","10","2","03:00","12.2","4.7"
"Turku lentoasema","2022","10","3","03:00","12.5","2.8"
"Turku lentoasema","2022","10","4","03:00","12.8","4.2"
"Turku lentoasema","2022","10","5","03:00","13.6","1.3"
"Turku lentoasema","2022","10","6","03:00","14.6","11.5"
"Turku lentoasema","2022","10","7","03:00","14.5","10.6"
"Turku lentoasema","2022","10","8","03:00","13.7","7.5"
"Turku lentoasema","2022","10","9","03:00","12.1","2.9"
"Turku lentoasema","2022","10","10","03:00","14","8.6"
"Turku lentoasema","2022","10","11","03:00","11.9","5.1"
"Turku lentoasema","2022","10","12","03:00","10.8","1"
"Turku lentoasema","2022","10","13","03:00","12.9","-1.4"
"Turku lentoasema","2022","10","14","03:00","11.8","9.4"
"Turku lentoasema","2022","10","15","03:00","11.8","9.1"
"Turku lentoasema","2022","10","16","03:00","12.6","10.7"
"Turku lentoasema","2022","10","17","03:00","12.1","6.9"
"Turku lentoasema","2022","10","18","03:00","10.3","5.4"
"Turku lentoasema","2022","10","19","03:00","8.4","-0.8"
"Turku lentoasema","2022","10","20","03:00","10.5","2.9"
"Turku lentoasema","2022","10","21","03:00","9.3","0.6"
"Turku lentoasema","2022","10","22","03:00","8.9","1.1"
"Turku lentoasema","2022","10","23","03:00","9.4","3.6"
"Turku lentoasema","2022","10","24","03:00","6.2","-5.1"
"Turku lentoasema","2022","10","25","03:00","7.8","-1.7"
"Turku lentoasema","2022","10","26","03:00","11.3","7.4"
"Turku lentoasema","2022","10","27","03:00","11.3","5.3"
"Turku lentoasema","2022","10","28","03:00","12.2","8.6"
"Turku lentoasema","2022","10","29","03:00","13","7.9"
"Turku lentoasema","2022","10","30","03:00","7.9","1.1"
"Turku lentoasema","2022","10","31","02:00","9.9","-2.9"
"Turku lentoasema","2022","11","1","02:00","10.3","6.4"
"Turku lentoasema","2022","11","2","02:00","8.6","5.7"
"Turku lentoasema","2022","11","3","02:00","9.3","7.9"
"Turku lentoasema","2022","11","4","02:00","8.6","3.4"
"Turku lentoasema","2022","11","5","02:00","5.7","1.3"
"Turku lentoasema","2022","11","6","02:00","10.3","0.8"
"Turku lentoasema","2022","11","7","02:00","9.8","8.3"
"Turku lentoasema","2022","11","8","02:00","9.5","3.5"
"Turku lentoasema","2022","11","9","02:00","10.5","4"
"Turku lentoasema","2022","11","10","02:00","10.1","8.9"
"Turku lentoasema","2022","11","11","02:00","12.9","7.7"
"Turku lentoasema","2022","11","12","02:00","13.8","8.2"
"Turku lentoasema","2022","11","13","02:00","9.5","0.9"
"Turku lentoasema","2022","11","14","02:00","8.3","-0.6"
"Turku lentoasema","2022","11","15","02:00","7.6","1.9"
"Turku lentoasema","2022","11","16","02:00","1.9","-1.5"
"Turku lentoasema","2022","11","17","02:00","0.1","-2.6"
"Turku lentoasema","2022","11","18","02:00","0.1","-2.5"
"Turku lentoasema","2022","11","19","02:00","-1.3","-5.5"
"Turku lentoasema","2022","11","20","02:00","-1.3","-2.8"
"Turku lentoasema","2022","11","21","02:00","-2.3","-5.3"
"Turku lentoasema","2022","11","22","02:00","-1.4","-3.8"
"Turku lentoasema","2022","11","23","02:00","-2.4","-3.6"
"Turku lentoasema","2022","11","24","02:00","-2.1","-4.9"
"Turku lentoasema","2022","11","25","02:00","-0.8","-2.2"
"Turku lentoasema","2022","11","26","02:00","-1.7","-2.1"
"Turku lentoasema","2022","11","27","02:00","-1.9","-2.9"
"Turku lentoasema","2022","11","28","02:00","-0.1","-2.7"
"Turku lentoasema","2022","11","29","02:00","0.6","-0.6"
"Turku lentoasema","2022","11","30","02:00","0.7","-0.1"
"Turku lentoasema","2022","12","1","02:00","0.3","-4.9"
"Turku lentoasema","2022","12","2","02:00","-0.5","-4.1"
"Turku lentoasema","2022","12","3","02:00","-3.2","-5.3"
"Turku lentoasema","2022","12","4","02:00","-3.6","-4.7"
"Turku lentoasema","2022","12","5","02:00","-4","-9.9"
"Turku lentoasema","2022","12","6","02:00","-0.7","-7"
"Turku lentoasema","2022","12","7","02:00","0.1","-7.2"
"Turku lentoasema","2022","12","8","02:00","-3.1","-8.1"
"Turku lentoasema","2022","12","9","02:00","-5","-8.9"
"Turku lentoasema","2022","12","10","02:00","-4.3","-7.3"
"Turku lentoasema","2022","12","11","02:00","-4","-9.8"
"Turku lentoasema","2022","12","12","02:00","-4.3","-10"
"Turku lentoasema","2022","12","13","02:00","-8.9","-12.2"
"Turku lentoasema","2022","12","14","02:00","-5.1","-14"
"Turku lentoasema","2022","12","15","02:00","-6","-14.2"
"Turku lentoasema","2022","12","16","02:00","-7","-14.3"
"Turku lentoasema","2022","12","17","02:00","0.5","-9.5"
"Turku lentoasema","2022","12","18","02:00","2.4","0.1"
"Turku lentoasema","2022","12","19","02:00","2.3","-3.8"
"Turku lentoasema","2022","12","20","02:00","3.2","0"
"Turku lentoasema","2022","12","21","02:00","4.5","1.7"
"Turku lentoasema","2022","12","22","02:00","3.6","2"
"Turku lentoasema","2022","12","23","02:00","3.4","-5"
"Turku lentoasema","2022","12","24","02:00","-3","-7.7"
"Turku lentoasema","2022","12","25","02:00","-3.7","-13.3"
"Turku lentoasema","2022","12","26","02:00","-1.2","-10.4"
"Turku lentoasema","2022","12","27","02:00","0.4","-5.3"
"Turku lentoasema","2022","12","28","02:00","0.3","-2.7"
"Turku lentoasema","2022","12","29","02:00","1","-3"
"Turku lentoasema","2022","12","30","02:00","4.4","0.2"
"Turku lentoasema","2022","12","31","02:00","6.3","3.2"
"Turku lentoasema","2023","1","1","02:00","6","-4"
"Turku lentoasema","2023","1","2","02:00","0.5","-6.4"
"Turku lentoasema","2023","1","3","02:00","0.5","-0.8"
"Turku lentoasema","2023","1","4","02:00","-0.6","-5"
"Turku lentoasema","2023","1","5","02:00","-5.1","-11.8"
"Turku lentoasema","2023","1","6","02:00","-7.7","-12.7"
"Turku lentoasema","2023","1","7","02:00","-7","-8.6"
"Turku lentoasema","2023","1","8","02:00","-4.6","-7"
"Turku lentoasema","2023","1","9","02:00","-2.8","-4.7"
"Turku lentoasema","2023","1","10","02:00","2.1","-4"
"Turku lentoasema","2023","1","11","02:00","3.7","2"
"Turku lentoasema","2023","1","12","02:00","3.9","2.8"
"Turku lentoasema","2023","1","13","02:00","4.1","1.7"
"Turku lentoasema","2023","1","14","02:00","4.5","3.5"
"Turku lentoasema","2023","1","15","02:00","4.4","0.5"
"Turku lentoasema","2023","1","16","02:00","4.4","1"
"Turku lentoasema","2023","1","17","02:00","2.4","0"
"Turku lentoasema","2023","1","18","02:00","3.1","0.2"
"Turku lentoasema","2023","1","19","02:00","1.2","-0.8"
"Turku lentoasema","2023","1","20","02:00","1.2","-6.1"
"Turku lentoasema","2023","1","21","02:00","-1","-7.4"
"Turku lentoasema","2023","1","22","02:00","-2.3","-5.2"
"Turku lentoasema","2023","1","23","02:00","-1","-4.2"
"Turku lentoasema","2023","1","24","02:00","0.9","-3.3"
"Turku lentoasema","2023","1","25","02:00","4.4","0.6"
"Turku lentoasema","2023","1","26","02:00","4.2","-1.6"
"Turku lentoasema","2023","1","27","02:00","0","-7.6"
"Turku lentoasema","2023","1","28","02:00","1.6","-3"
"Turku lentoasema","2023","1","29","02:00","2","-3.9"
"Turku lentoasema","2023","1","30","02:00","3.7","-0.1"
"Turku lentoasema","2023","1","31","02:00","1.7","-0.8"
"Turku lentoasema","2023","2","1","02:00","0.5","-7.8"
"Turku lentoasema","2023","2","2","02:00","-1.4","-4.2"
"Turku lentoasema","2023","2","3","02:00","-2.8","-6"
"Turku lentoasema","2023","2","4","02:00","-2.5","-9.3"
"Turku lentoasema","2023","2","5","02:00","0.3","-12.5"
"Turku lentoasema","2023","2","6","02:00","1.7","-4.7"
"Turku lentoasema","2023","2","7","02:00","1.3","-5.5"
"Turku lentoasema","2023","2","8","02:00","2.7","1.2"
"Turku lentoasema","2023","2","9","02:00","3.2","1.4"
"Turku lentoasema","2023","2","10","02:00","2.6","-2.6"
"Turku lentoasema","2023","2","11","02:00","1.1","-2.9"
"Turku lentoasema","2023","2","12","02:00","1.9","-7.5"
"Turku lentoasema","2023","2","13","02:00","7.8","-1"
"Turku lentoasema","2023","2","14","02:00","5.9","-3.2"
"Turku lentoasema","2023","2","15","02:00","1.2","-4.7"
"Turku lentoasema","2023","2","16","02:00","1.3","-0.1"
"Turku lentoasema","2023","2","17","02:00","3.1","1.1"
"Turku lentoasema","2023","2","18","02:00","2.2","-0.9"
"Turku lentoasema","2023","2","19","02:00","0","-1.6"
"Turku lentoasema","2023","2","20","02:00","-0.6","-2.9"
"Turku lentoasema","2023","2","21","02:00","-2.5","-6.1"
"Turku lentoasema","2023","2","22","02:00","-6","-10.7"
"Turku lentoasema","2023","2","23","02:00","0.2","-7"
"Turku lentoasema","2023","2","24","02:00","-0.9","-5.3"
"Turku lentoasema","2023","2","25","02:00","-1.3","-5"
"Turku lentoasema","2023","2","26","02:00","-3.8","-14.3"
"Turku lentoasema","2023","2","27","02:00","4","-14.7"
"Turku lentoasema","2023","2","28","02:00","5.3","-1.8"
"Turku lentoasema","2023","3","1","02:00","5.2","-3.9"
"Turku lentoasema","2023","3","2","02:00","4.5","0.4"
"Turku lentoasema","2023","3","3","02:00","3.8","-0.1"
"Turku lentoasema","2023","3","4","02:00","0.6","-3.5"
"Turku lentoasema","2023","3","5","02:00","-0.5","-11.2"
"Turku lentoasema","2023","3","6","02:00","-3","-9.1"
"Turku lentoasema","2023","3","7","02:00","-2.7","-18.1"
"Turku lentoasema","2023","3","8","02:00","-3.8","-5.6"
"Turku lentoasema","2023","3","9","02:00","-2","-17.8"
"Turku lentoasema","2023","3","10","02:00","1.7","-6.3"
"Turku lentoasema","2023","3","11","02:00","-1.9","-13.2"
"Turku lentoasema","2023","3","12","02:00","0.5","-11.3"
"Turku lentoasema","2023","3","13","02:00","0.8","-9.6"
"Turku lentoasema","2023","3","14","02:00","4.9","-1.3"
"Turku lentoasema","2023","3","15","02:00","2.3","-4.1"
"Turku lentoasema","2023","3","16","02:00","4.1","-8.5"
"Turku lentoasema","2023","3","17","02:00","2.5","-10.4"
"Turku lentoasema","2023","3","18","02:00","4","0"
"Turku lentoasema","2023","3","19","02:00","2.1","0.1"
"Turku lentoasema","2023","3","20","02:00","2.3","-1.4"
"Turku lentoasema","2023","3","21","02:00","1.9","-2.5"
"Turku lentoasema","2023","3","22","02:00","3.5","-0.7"
"Turku lentoasema","2023","3","23","02:00","7.8","0.5"
"Turku lentoasema","2023","3","24","02:00","6.5","-0.7"
"Turku lentoasema","2023","3","25","02:00","5.2","-1.8"
"Turku lentoasema","2023","3","26","02:00","-1.3","-2.8"
"Turku lentoasema","2023","3","27","03:00","-2","-4.7"
"Turku lentoasema","2023","3","28","03:00","-0.7","-4.5"
"Turku lentoasema","2023","3","29","03:00","-0.2","-9.2"
"Turku lentoasema","2023","3","30","03:00","1.5","-17.4"
"Turku lentoasema","2023","3","31","03:00","1.4","-16.1"
"Turku lentoasema","2023","4","1","03:00","4.5","-7.9"
"Turku lentoasema","2023","4","2","03:00","2.9","-6.5"
"Turku lentoasema","2023","4","3","03:00","2.1","-6.6"
"Turku lentoasema","2023","4","4","03:00","3.6","-12.4"
"Turku lentoasema","2023","4","5","03:00","4.4","-6"
"Turku lentoasema","2023","4","6","03:00","9","0.9"
"Turku lentoasema","2023","4","7","03:00","12.5","-4.4"
"Turku lentoasema","2023","4","8","03:00","10.5","-0.3"
"Turku lentoasema","2023","4","9","03:00","12.4","-2.7"
"Turku lentoasema","2023","4","10","03:00","11.7","-4.1"
"Turku lentoasema","2023","4","11","03:00","14.3","-2.6"
"Turku lentoasema","2023","4","12","03:00","17.7","1.6"
"Turku lentoasema","2023","4","13","03:00","12.2","6.2"
"Turku lentoasema","2023","4","14","03:00","11.8","1.8"
"Turku lentoasema","2023","4","15","03:00","12.8","-1.1"
"Turku lentoasema","2023","4","16","03:00","13.3","-1.7"
"Turku lentoasema","2023","4","17","03:00","15","-4.1"
"Turku lentoasema","2023","4","18","03:00","13.8","0.3"
"Turku lentoasema","2023","4","19","03:00","14","1.4"
"Turku lentoasema","2023","4","20","03:00","15.5","-1.9"
"Turku lentoasema","2023","4","21","03:00","17.8","-0.4"
"Turku lentoasema","2023","4","22","03:00","17.1","-0.5"
"Turku lentoasema","2023","4","23","03:00","14.7","0.5"
"Turku lentoasema","2023","4","24","03:00","11.9","3.9"
"Turku lentoasema","2023","4","25","03:00","16.7","0.2"
"Turku lentoasema","2023","4","26","03:00","7.7","4.2"
"Turku lentoasema","2023","4","27","03:00","9.1","0.6"
"Turku lentoasema","2023","4","28","03:00","9.5","-2.8"
"Turku lentoasema","2023","4","29","03:00","10.3","0.6"
"Turku lentoasema","2023","4","30","03:00","7.1","3.1"
"Turku lentoasema","2023","5","1","03:00","11.4","-1.5"
"Turku lentoasema","2023","5","2","03:00","5.5","2.4"
"Turku lentoasema","2023","5","3","03:00","12.3","-1.3"
"Turku lentoasema","2023","5","4","03:00","7.1","-3.3"
"Turku lentoasema","2023","5","5","03:00","6.2","-3.1"
"Turku lentoasema","2023","5","6","03:00","9.7","-4"
"Turku lentoasema","2023","5","7","03:00","10.3","-5.1"
"Turku lentoasema","2023","5","8","03:00","13.5","-2.1"
"Turku lentoasema","2023","5","9","03:00","15.7","2.8"
"Turku lentoasema","2023","5","10","03:00","18.3","1.2"
"Turku lentoasema","2023","5","11","03:00","19.7","1.7"
"Turku lentoasema","2023","5","12","03:00","19.6","2.2"
"Turku lentoasema","2023","5","13","03:00","21.7","0.8"
"Turku lentoasema","2023","5","14","03:00","20.9","3.4"
"Turku lentoasema","2023","5","15","03:00","23.2","3"
"Turku lentoasema","2023","5","16","03:00","17.9","10.9"
"Turku lentoasema","2023","5","17","03:00","12.8","6.7"
"Turku lentoasema","2023","5","18","03:00","11.2","3.7"
"Turku lentoasema","2023","5","19","03:00","17.8","-2.7"
"Turku lentoasema","2023","5","20","03:00","17.6","-0.1"
"Turku lentoasema","2023","5","21","03:00","21.7","-0.4"
"Turku lentoasema","2023","5","22","03:00","24.4","6"
"Turku lentoasema","2023","5","23","03:00","22.4","10.8"
"Turku lentoasema","2023","5","24","03:00","23.8","3.6"
"Turku lentoasema","2023","5","25","03:00","18.6","11.9"
"Turku lentoasema","2023","5","26","03:00","14.1","4"
"Turku lentoasema","2023","5","27","03:00","15","3"
"Turku lentoasema","2023","5","28","03:00","14.6","8.3"
"Turku lentoasema","2023","5","29","03:00","13.2","4.1"
"Turku lentoasema","2023","5","30","03:00","15.4","5.4"
"Turku lentoasema","2023","5","31","03:00","16.4","7.5"
"Turku lentoasema","2023","6","1","03:00","11.9","4.2"
"Turku lentoasema","2023","6","2","03:00","10.4","-0.3"
"Turku lentoasema","2023","6","3","03:00","15.1","1.4"
"Turku lentoasema","2023","6","4","03:00","14","6.5"
"Turku lentoasema","2023","6","5","03:00","17.9","4.5"
"Turku lentoasema","2023","6","6","03:00","18.1","3.6"
"Turku lentoasema","2023","6","7","03:00","16.9","1.4"
"Turku lentoasema","2023","6","8","03:00","16.3","1.8"
"Turku lentoasema","2023","6","9","03:00","17.5","4"
"Turku lentoasema","2023","6","10","03:00","21.1","3"
"Turku lentoasema","2023","6","11","03:00","20.6","1.9"
"Turku lentoasema","2023","6","12","03:00","21.4","2"
"Turku lentoasema","2023","6","13","03:00","22.8","4.2"
"Turku lentoasema","2023","6","14","03:00","26.7","6.5"
"Turku lentoasema","2023","6","15","03:00","28.5","8.8"
"Turku lentoasema","2023","6","16","03:00","28.9","11.1"
"Turku lentoasema","2023","6","17","03:00","29.9","10.6"
"Turku lentoasema","2023","6","18","03:00","28.9","13.1"
"Turku lentoasema","2023","6","19","03:00","28.6","12.5"
"Turku lentoasema","2023","6","20","03:00","29.7","9.6"
"Turku lentoasema","2023","6","21","03:00","28.6","10.9"
"Turku lentoasema","2023","6","22","03:00","24.7","17.2"
"Turku lentoasema","2023","6","23","03:00","24.5","12.3"
"Turku lentoasema","2023","6","24","03:00","19.5","11.4"
"Turku lentoasema","2023","6","25","03:00","24.9","12.7"
"Turku lentoasema","2023","6","26","03:00","25.8","10.8"
"Turku lentoasema","2023","6","27","03:00","24.2","9.6"
"Turku lentoasema","2023","6","28","03:00","26","11.9"
"Turku lentoasema","2023","6","29","03:00","27.2","11.1"
"Turku lentoasema","2023","6","30","03:00","27.7","12.5"
"Turku lentoasema","2023","7","1","03:00","22.8","15.8"
"Turku lentoasema","2023","7","2","03:00","22.2","11.5"
"Turku lentoasema","2023","7","3","03:00","17.7","13.3"
"Turku lentoasema","2023","7","4","03:00","17.5","11.2"
"Turku lentoasema","2023","7","5","03:00","20.1","13.5"
"Turku lentoasema","2023","7","6","03:00","20.7","10.1"
"Turku lentoasema","2023","7","7","03:00","19","14"
"Turku lentoasema","2023","7","8","03:00","21.8","9.8"
"Turku lentoasema","2023","7","9","03:00","21.3","10.8"
"Turku lentoasema","2023","7","10","03:00","22.6","6.9"
"Turku lentoasema","2023","7","11","03:00","24.3","11.7"
"Turku lentoasema","2023","7","12","03:00","25.4","10.2"
"Turku lentoasema","2023","7","13","03:00","21.4","10"
"Turku lentoasema","2023","7","14","03:00","23","10.5"
"Turku lentoasema","2023","7","15","03:00","24.7","10.1"
"Turku lentoasema","2023","7","16","03:00","24.6","10.2"
"Turku lentoasema","2023","7","17","03:00","21.6","15.3"
"Turku lentoasema","2023","7","18","03:00","19.7","14.8"
"Turku lentoasema","2023","7","19","03:00","21.4","11.5"
"Turku lentoasema","2023","7","20","03:00","19","9.1"
"Turku lentoasema","2023","7","21","03:00","21.9","7.3"
"Turku lentoasema","2023","7","22","03:00","20.5","10.8"
"Turku lentoasema","2023","7","23","03:00","20.8","8.8"
"Turku lentoasema","2023","7","24","03:00","22.2","6.6"
"Turku lentoasema","2023","7","25","03:00","21.9","6"
"Turku lentoasema","2023","7","26","03:00","21","12.6"
"Turku lentoasema","2023","7","27","03:00","21.9","8"
"Turku lentoasema","2023","7","28","03:00","20.7","6"
"Turku lentoasema","2023","7","29","03:00","19.6","11.5"
"Turku lentoasema","2023","7","30","03:00","23.7","11.2"
"Turku lentoasema","2023","7","31","03:00","20.3","11.9"
"Turku lentoasema","2023","8","1","03:00","17.9","12.4"
"Turku lentoasema","2023","8","2","03:00","20.3","16.5"
"Turku lentoasema","2023","8","3","03:00","20.6","16.2"
"Turku lentoasema","2023","8","4","03:00","21","15.4"
"Turku lentoasema","2023","8","5","03:00","22.3","16.1"
"Turku lentoasema","2023","8","6","03:00","22.9","10.6"
"Turku lentoasema","2023","8","7","03:00","32","19.7"
"Turku lentoasema","2023","8","8","03:00","27.4","14"
"Turku lentoasema","2023","8","9","03:00","20.2","12.1"
"Turku lentoasema","2023","8","10","03:00","18.4","9.6"
"Turku lentoasema","2023","8","11","03:00","16.2","12.6"
"Turku lentoasema","2023","8","12","03:00","19.4","7.9"
"Turku lentoasema","2023","8","13","03:00","19.9","8.9"
"Turku lentoasema","2023","8","14","03:00","22.8","11.8"
"Turku lentoasema","2023","8","15","03:00","24.2","14.5"
"Turku lentoasema","2023","8","16","03:00","23.3","18.3"
"Turku lentoasema","2023","8","17","03:00","23.2","14.4"
"Turku lentoasema","2023","8","18","03:00","21.6","12.6"
"Turku lentoasema","2023","8","19","03:00","18.4","14.6"
"Turku lentoasema","2023","8","20","03:00","21.4","8.3"
"Turku lentoasema","2023","8","21","03:00","19.9","12.6"
"Turku lentoasema","2023","8","22","03:00","21.4","9.6"
"Turku lentoasema","2023","8","23","03:00","21.1","13.3"
"Turku lentoasema","2023","8","24","03:00","21.4","10.6"
"Turku lentoasema","2023","8","25","03:00","19.3","8.6"
"Turku lentoasema","2023","8","26","03:00","21.1","12.5"
"Turku lentoasema","2023","8","27","03:00","21.5","15.2"
"Turku lentoasema","2023","8","28","03:00","16.6","10.9"
"Turku lentoasema","2023","8","29","03:00","20.4","12.4"
"Turku lentoasema","2023","8","30","03:00","16.2","10.2"
"Turku lentoasema","2023","8","31","03:00","17.2","15.2"
"Turku lentoasema","2023","9","1","03:00","18.8","13"
"Turku lentoasema","2023","9","2","03:00","16.9","9.4"
"Turku lentoasema","2023","9","3","03:00","19","9.9"
"Turku lentoasema","2023","9","4","03:00","19.3","10.5"
"Turku lentoasema","2023","9","5","03:00","20","11.1"
"Turku lentoasema","2023","9","6","03:00","17.3","7.8"
"Turku lentoasema","2023","9","7","03:00","19.4","3.6"
"Turku lentoasema","2023","9","8","03:00","22.6","13.1"
"Turku lentoasema","2023","9","9","03:00","21.5","9.6"
"Turku lentoasema","2023","9","10","03:00","21.6","16"
"Turku lentoasema","2023","9","11","03:00","19.1","15.9"
"Turku lentoasema","2023","9","12","03:00","18.1","16"
"Turku lentoasema","2023","9","13","03:00","18","14"
"Turku lentoasema","2023","9","14","03:00","16.8","7.5"
"Turku lentoasema","2023","9","15","03:00","16.4","2.7"
"Turku lentoasema","2023","9","16","03:00","18.8","15"
"Turku lentoasema","2023","9","17","03:00","15.6","8.1"
"Turku lentoasema","2023","9","18","03:00","15.3","0.3"
"Turku lentoasema","2023","9","19","03:00","17.6","7.5"
"Turku lentoasema","2023","9","20","03:00","16.4","11.8"
"Turku lentoasema","2023","9","21","03:00","21.4","14.6"
"Turku lentoasema","2023","9","22","03:00","21.7","15"
"Turku lentoasema","2023","9","23","03:00","19.9","13.9"
"Turku lentoasema","2023","9","24","03:00","15.9","10.3"
"Turku lentoasema","2023","9","25","03:00","16.7","4.3"
"Turku lentoasema","2023","9","26","03:00","16.9","13.8"
"Turku lentoasema","2023","9","27","03:00","17.8","9"
"Turku lentoasema","2023","9","28","03:00","18.5","12.1"
"Turku lentoasema","2023","9","29","03:00","17.2","14.3"
"Turku lentoasema","2023","9","30","03:00","15.7","10.4"
"Turku lentoasema","2023","10","1","03:00","13.7","7.4"
"Turku lentoasema","2023","10","2","03:00","15.8","2.4"
"Turku lentoasema","2023","10","3","03:00","13.8","9.3"
"Turku lentoasema","2023","10","4","03:00","13.3","6.9"
"Turku lentoasema","2023","10","5","03:00","11.5","5.4"
"Turku lentoasema","2023","10","6","03:00","10.3","-1.6"
"Turku lentoasema","2023","10","7","03:00","12.5","3"
"Turku lentoasema","2023","10","8","03:00","7.1","1.5"
"Turku lentoasema","2023","10","9","03:00","6.8","0.4"
"Turku lentoasema","2023","10","10","03:00","10.2","-2.7"
"Turku lentoasema","2023","10","11","03:00","14.1","7.6"
"Turku lentoasema","2023","10","12","03:00","12.3","5.6"
"Turku lentoasema","2023","10","13","03:00","11.5","3.1"
"Turku lentoasema","2023","10","14","03:00","12.9","7.3"
"Turku lentoasema","2023","10","15","03:00","9.5","2.5"
"Turku lentoasema","2023","10","16","03:00","8","1.5"
"Turku lentoasema","2023","10","17","03:00","9.4","0.1"
"Turku lentoasema","2023","10","18","03:00","3.6","-1.2"
"Turku lentoasema","2023","10","19","03:00","2","-4"
"Turku lentoasema","2023","10","20","03:00","3.4","-1.4"
"Turku lentoasema","2023","10","21","03:00","3.5","-3.1"
"Turku lentoasema","2023","10","22","03:00","3.2","0.1"
"Turku lentoasema","2023","10","23","03:00","3.2","0.5"
"Turku lentoasema","2023","10","24","03:00","2.6","-0.6"
"Turku lentoasema","2023","10","25","03:00","3","-2.1"
"Turku lentoasema","2023","10","26","03:00","2.4","-0.4"
"Turku lentoasema","2023","10","27","03:00","0.8","-1.3"
"Turku lentoasema","2023","10","28","03:00","0.3","-1.5"
"Turku lentoasema","2023","10","29","03:00","0.4","-8.4"
"Turku lentoasema","2023","10","30","02:00","1.7","-5.6"
"Turku lentoasema","2023","10","31","02:00","5.2","-0.9"
"Turku lentoasema","2023","11","1","02:00","2.6","0"
"Turku lentoasema","2023","11","2","02:00","3.4","-2.6"
"Turku lentoasema","2023","11","3","02:00","7.4","-0.5"
"Turku lentoasema","2023","11","4","02:00","8.8","6.6"
"Turku lentoasema","2023","11","5","02:00","9","4.7"
"Turku lentoasema","2023","11","6","02:00","7.7","4.1"
"Turku lentoasema","2023","11","7","02:00","7.2","4.4"
"Turku lentoasema","2023","11","8","02:00","6.6","0.1"
"Turku lentoasema","2023","11","9","02:00","3.3","-0.6"
"Turku lentoasema","2023","11","10","02:00","8.3","2.6"
"Turku lentoasema","2023","11","11","02:00","8.2","5.9"
"Turku lentoasema","2023","11","12","02:00","6.5","1"
"Turku lentoasema","2023","11","13","02:00","1.4","-0.5"
"Turku lentoasema","2023","11","14","02:00","-0.3","-1.4"
"Turku lentoasema","2023","11","15","02:00","-0.8","-1.7"
"Turku lentoasema","2023","11","16","02:00","-1.4","-5.4"
"Turku lentoasema","2023","11","17","02:00","-1.4","-8.7"
"Turku lentoasema","2023","11","18","02:00","0.1","-4.5"
"Turku lentoasema","2023","11","19","02:00","-2.1","-10.3"
"Turku lentoasema","2023","11","20","02:00","0.1","-3"
"Turku lentoasema","2023","11","21","02:00","-0.7","-8.6"
"Turku lentoasema","2023","11","22","02:00","3","-9.6"
"Turku lentoasema","2023","11","23","02:00","2.9","-0.9"
"Turku lentoasema","2023","11","24","02:00","0.8","-3.6"
"Turku lentoasema","2023","11","25","02:00","-3.7","-10.8"
"Turku lentoasema","2023","11","26","02:00","-9.3","-14.7"
"Turku lentoasema","2023","11","27","02:00","-10.8","-15"
"Turku lentoasema","2023","11","28","02:00","-2.2","-12.7"
"Turku lentoasema","2023","11","29","02:00","-1.5","-6.2"
"Turku lentoasema","2023","11","30","02:00","-2.6","-7.2"
"Turku lentoasema","2023","12","1","02:00","-4.6","-7.1"
"Turku lentoasema","2023","12","2","02:00","-7.1","-8.7"
"Turku lentoasema","2023","12","3","02:00","-8","-15.6"
"Turku lentoasema","2023","12","4","02:00","-11.6","-18.5"
"Turku lentoasema","2023","12","5","02:00","-5.8","-19.7"
"Turku lentoasema","2023","12","6","02:00","-2.2","-6.5"
"Turku lentoasema","2023","12","7","02:00","-2.8","-6"
"Turku lentoasema","2023","12","8","02:00","-3.6","-6.6"
"Turku lentoasema","2023","12","9","02:00","-6.5","-8.6"
"Turku lentoasema","2023","12","10","02:00","-5.2","-8.3"
"Turku lentoasema","2023","12","11","02:00","-3.4","-5.5"
"Turku lentoasema","2023","12","12","02:00","-5.5","-9.5"
"Turku lentoasema","2023","12","13","02:00","-8.5","-9.7"
"Turku lentoasema","2023","12","14","02:00","-7.9","-10.6"
"Turku lentoasema","2023","12","15","02:00","-3.5","-7.9"
"Turku lentoasema","2023","12","16","02:00","3.7","-4.3"
"Turku lentoasema","2023","12","17","02:00","4.7","-2.1"
"Turku lentoasema","2023","12","18","02:00","2.3","-2.9"
"Turku lentoasema","2023","12","19","02:00","5.8","0.4"
"Turku lentoasema","2023","12","20","02:00","2","-3.6"
"Turku lentoasema","2023","12","21","02:00","0.6","-4.7"
"Turku lentoasema","2023","12","22","02:00","0.7","-0.9"
"Turku lentoasema","2023","12","23","02:00","0.8","-1.4"
"Turku lentoasema","2023","12","24","02:00","-1.3","-3.1"
"Turku lentoasema","2023","12","25","02:00","-3","-4"
"Turku lentoasema","2023","12","26","02:00","-2.3","-7.1"
"Turku lentoasema","2023","12","27","02:00","-0.9","-5.3"
"Turku lentoasema","2023","12","28","02:00","-0.4","-4.1"
"Turku lentoasema","2023","12","29","02:00","0.3","-0.9"
"Turku lentoasema","2023","12","30","02:00","-0.3","-5.8"
"Turku lentoasema","2023","12","31","02:00","-5.9","-18.2"
